danceability,energy,key,loudness,mode,speechiness,acousticness,instrumentalness,liveness,valence,tempo,id,duration_ms,time_signature,track.name,track.popularity,listener_id
0.73,0.765,4,-7.03,0,0.128,0.285,6.15e-5,0.226,0.441,92.977,5f19V8vNyV95tBaTjvyKL7,377236,4,Lost & Found,4,erica
0.421,0.693,8,-7.332,1,0.0452,0.441,2.48e-4,0.102,0.59,111.118,3LwjMORRPuf7j7WiFHW350,253165,4,Only the Wild Ones,58,erica
0.625,0.815,1,-7.036,0,0.0442,0.139,0.248,0.109,0.66,150.004,6hazTlTm7MKamJWriYDa13,227440,4,Pacific Coast Highway (with Trevor Hall),48,erica
0.715,0.542,4,-9.748,0,0.0353,0.788,0.0488,0.0816,0.652,96.057,2q4FWIqTAfUPDxCyh5jSiC,322663,4,Fading into Yesterday,6,erica
0.756,0.851,5,-5.391,1,0.0665,0.172,0.00276,0.574,0.472,124.05,63AXfaJ12wKlnXe9QAvzbl,154904,4,Chasing Dreams,31,erica
0.663,0.906,11,-6.948,0,0.0607,0.071,0.158,0.372,0.103,121.018,2tYUCVUfcytz2RzrvbNWGe,197000,4,Be Yourself,24,erica
0.202,0.742,0,-5.29,1,0.124,0.00169,4.83e-4,0.128,0.155,194.876,4nMUPQeTor23d8RxiiJO9W,196136,3,Natural Born Killer,55,erica
0.736,0.346,9,-7.926,1,0.0267,0.844,0.122,0.123,0.233,92.006,1eOuuW7VHBrIpwQ8drsPQN,216755,4,Chariot,60,erica
0.702,0.61,5,-10.075,1,0.0368,0.533,6.31e-4,0.379,0.332,119.975,7IabOF0F1Cx4eWe7FjdpzN,234107,4,Under the Sun,54,erica
0.442,0.654,10,-7.021,1,0.0296,0.305,2.09e-5,0.577,0.918,162.048,3a28WmAKhiRvQATY3tfk5l,227680,4,Atlas,52,erica
0.594,0.375,3,-12.11,0,0.0588,0.725,0.292,0.104,0.197,94.019,0ad87RTfHWmC2Syh1nOxEd,324107,4,Young,52,erica
0.23,0.416,4,-8.09,0,0.033,0.203,0.00298,0.109,0.171,106.941,4usvZR1BjL6XaoMBi1x22h,446400,4,The Night,29,erica
0.729,0.636,2,-9.117,1,0.189,0.483,0.408,0.237,0.587,170.045,54G7nglEzYJdrIfCcur3El,128852,4,Chillin',35,erica
0.589,0.527,0,-9.962,1,0.0342,0.599,1.11e-4,0.0853,0.132,133.981,58VNpcJpI5dEKxYByCkbXc,162377,4,Miss Summer,66,erica
0.612,0.701,8,-3.615,0,0.0339,0.0148,5.82e-6,0.186,0.354,97.971,14oFxKTXuTpYgKe2vy0Cih,173120,4,CHAMPION,52,erica
0.682,0.751,10,-6.484,0,0.076,0.193,2.08e-4,0.142,0.615,92.062,75hCdrSo0x1La6xUNGnvGv,192492,4,Devil Is A Woman,58,erica
0.534,0.703,9,-5.406,0,0.0458,0.114,0.011,0.0918,0.317,171.961,54rQxr2XJZ4vf0mRyGsqAo,307507,4,Sirens,43,erica
0.886,0.371,5,-10.542,1,0.0465,0.349,0.00138,0.0985,0.928,115.026,6PuoZT4kgw5DrUEdnQ6e01,219261,4,This Must Be The Place,59,erica
0.655,0.569,1,-5.018,0,0.0349,0.716,7.4e-6,0.135,0.44,150.267,1roCmBlcpV7LzsmB7pmCyt,169175,4,Let Me Down Slowly (feat. Alessia Cara),67,erica
0.676,0.467,2,-9.692,1,0.0386,0.934,3.37e-5,0.418,0.445,132.318,56LW66Nbi5D354gtz9tfUx,91765,1,The View,8,erica
0.49,0.339,7,-7.984,1,0.0317,0.838,0,0.111,0.229,80.498,2HtpqUSxCZ5FnbQ6PTtY4L,262001,4,Morning Elvis,52,erica
0.76,0.439,5,-12.218,1,0.0336,0.712,3.58e-4,0.0945,0.334,102.008,53l8hswqklbWd7XXqDEMtq,209712,4,Coast,53,erica
0.854,0.631,11,-8.197,0,0.0452,0.884,0.00999,0.202,0.609,119.986,1MD2yGSeBRALkMui1fZ05P,228062,4,anemone,55,erica
0.842,0.448,0,-12.244,0,0.036,0.615,0.0563,0.103,0.257,107.979,4ruDra4irBPGCgOKTedAwI,263617,4,A Better Way To Love,47,erica
0.637,0.58,1,-4.91,0,0.0304,0.564,0.838,0.064,0.186,92.981,7DvsyCvo1Y3cO5E59oem3F,162000,4,All Along The Watchtower,0,erica
0.636,0.634,7,-10.01,1,0.0342,0.0364,0.147,0.0998,0.599,111.563,24ntSW3QVJzR79lHAAOTaY,252812,4,Texas Sun,70,erica
0.663,0.546,7,-7.778,0,0.0415,0.066,0.403,0.0851,0.151,129.952,1RiuDvXUH1rBwqeFL5BsZi,232615,4,Please Come Home,38,erica
0.678,0.772,11,-8.001,0,0.0601,0.385,7.59e-5,0.451,0.777,104.7,6mUUv0qz4deyMO7jB5drzU,229404,4,Smile,46,erica
0.601,0.755,8,-5.528,1,0.0405,0.0575,0.887,0.347,0.508,180.02,0Jk5J9HrDmCEKV7xYmaB6m,225000,4,Beauty Beats,38,erica
0.749,0.657,10,-9.077,0,0.0384,0.223,3.06e-5,0.0714,0.744,123.975,6sOrImz4sRva0mZOrzD6G3,187742,4,Goddess,52,erica
0.305,0.0536,8,-18.215,1,0.0501,0.994,0.0136,0.403,0.294,166.222,2WRYbId2ZeaRvytazsQ6Vh,138298,3,Pachamama,58,erica
0.798,0.426,8,-11.365,0,0.034,0.527,8.42e-4,0.101,0.333,120.018,3uL7D152nfGyHMbJn5reCy,185041,4,Did I Get It Wrong,44,erica
0.691,0.613,0,-7.542,1,0.0448,0.174,4e-6,0.0747,0.295,114.939,4qostkbIVbMzfdIS9uJky2,358957,4,Mind,31,erica
0.59,0.597,0,-7.183,1,0.0527,0.499,0,0.175,0.313,121.843,4A8pBxx0of2Y8r56dT0atf,186627,4,Hallucinogenics (feat. Lana Del Rey),59,erica
0.69,0.726,2,-5.965,1,0.278,0.24,0,0.0802,0.714,90.264,5jywtaZpYbkn8OPy29feKs,236090,4,Rap Coltrane,28,erica
0.57,0.884,5,-4.55,0,0.0601,0.00826,0.00322,0.364,0.405,118.485,0cahtHEywK64NSWqm2SDTi,286013,4,Help I'm Alive,58,erica
0.432,0.606,9,-14.746,1,0.0424,0.223,6.78e-5,0.481,0.913,156.334,5VGyBKUklmqFi2WNphUgCl,226000,4,91 Unleaded,24,erica
0.541,0.675,10,-6.136,1,0.192,0.446,0,0.107,0.686,91.09,6n6EXIwLtNwe4u4CFzENYm,246920,4,The General,58,erica
0.422,0.456,2,-8.007,1,0.0278,0.128,0,0.376,0.522,181.725,4I7KvFBSALtXeZ1RiIIjkh,256680,4,Tops of the Trees,5,erica
0.712,0.625,4,-4.504,0,0.272,0.579,0,0.087,0.883,82.068,7rKSR3gY70SH8AM8fswBge,248009,4,Me & You,45,erica
0.868,0.449,8,-7.713,1,0.0694,0.107,0,0.631,0.746,106.852,0ooz46SAYMJsdOPnwW4nKK,159547,4,DRUGS,53,erica
0.595,0.717,0,-4.803,1,0.0295,0.0779,0.00274,0.108,0.547,88.969,1G391cbiT3v3Cywg8T7DM1,215907,4,Scar Tissue,77,erica
0.665,0.418,7,-10.001,1,0.042,0.707,0.867,0.0848,0.0737,162.114,7J0Hi4eCIdRaHLvls7mRbi,265460,3,Cité d'or,0,erica
0.698,0.876,3,-4.45,1,0.0486,0.452,0.0133,0.0824,0.81,101.992,126TblwXGNTUZ7RPMnThkU,173631,4,Left Hand Free,0,erica
0.477,0.2,7,-14.027,1,0.054,0.857,3.6e-4,0.134,0.259,129.96,1NI25U7kmvvsDR9fbCFwXy,323080,3,Riptide,32,erica
0.714,0.338,4,-10.994,0,0.0456,0.93,0.00644,0.389,0.667,128.385,4vju55Ag7apDL2CfotuE7Q,165067,4,Sunny,64,erica
0.574,0.226,0,-13.04,1,0.0377,0.718,0,0.103,0.237,127.501,1bJWBXwYne1hyWRhHE0uJO,164907,4,She Just Can't Help But Shine,44,erica
0.727,0.739,8,-3.805,1,0.0411,0.365,0.00137,0.161,0.533,93.005,2Xr1dTzJee307rmrkt8c0g,145800,4,love nwantiti (ah ah ah),79,erica
0.553,0.576,0,-13.458,1,0.0304,0.191,0.00664,0.0365,0.457,109.827,3Xls4cNOwy01dtrNXb1inG,298333,4,White Room,67,erica
0.442,0.423,3,-10.407,0,0.0398,0.185,1.09e-6,0.118,0.103,81.251,0LVH6S4oQq7cl3QIl30kkl,284411,4,Cellular Upgrade - We Saw Lions Remix,45,erica
0.58,0.345,11,-10.007,0,0.0265,0.615,1.14e-6,0.0958,0.246,102.081,3o0Own0ATiygIwd7t4jsee,238240,4,Little Moon,46,erica
0.498,0.512,1,-8.201,0,0.053,0.519,0,0.106,0.491,166.926,6H96yLcXFKuBYTFEEi4Vl2,223547,4,Willy's Song,50,erica
0.532,0.495,10,-6.662,1,0.0343,0.659,0,0.0754,0.308,124.936,4U45aEWtQhrm8A5mxPaFZ7,214240,4,Vienna,75,erica
0.863,0.657,7,-7.295,1,0.105,0.264,0.00619,0.0713,0.829,115.958,1LzguIGcb1qtA1Kw9pfwAP,235813,4,No Roots,14,erica
0.604,0.337,6,-13.08,1,0.0283,0.923,0.338,0.113,0.39,95.205,70n84e5xRJbyIlXOJ0t8X3,145227,4,Black Bird,49,erica
0.657,0.435,10,-15.707,1,0.0552,0.739,0,0.167,0.771,135.975,0q21FNwES2bbtcduB6kjEU,181133,4,Dancing in the Moonlight,70,erica
0.816,0.706,3,-6.793,1,0.0617,0.352,6.43e-6,0.0956,0.336,119.975,0hVU7w5aEVjqYVbMcnp1CS,190000,4,My Soul Is Lemonade,41,erica
0.71,0.657,3,-4.252,0,0.0377,0.589,0,0.0932,0.746,96.936,42yYNABph1ZtU0B5iIWpeU,197747,4,All That Glitters,50,erica
0.51,0.434,1,-10.004,1,0.0361,0.177,0.516,0.0603,0.207,119.695,3Ty7OTBNSigGEpeW2PqcsC,308627,4,Glory Box,68,erica
0.519,0.441,4,-14.178,1,0.0353,0.0204,4.53e-4,0.076,0.25,81.334,7wCmS9TTVUcIhRalDYFgPy,234973,4,Where Is My Mind? - Remastered,76,erica
0.419,0.383,4,-11.782,1,0.0256,0.0724,0.0176,0.0896,0.35,87.568,2a1iMaoWQ5MnvLFBDv4qkf,257480,4,High and Dry,72,erica
0.607,0.294,5,-11.836,1,0.0764,0.778,0.162,0.106,0.192,76.083,2sW8fmnISifQTRgnRrQTYW,303973,4,Roads,60,erica
0.517,0.509,3,-9.917,1,0.137,0.407,0.311,0.251,0.37,74.98,7pFRhCj70NUNZG4xMDEQj8,96343,4,Soul Mates,56,erica
0.864,0.482,8,-16.789,0,0.225,0.664,1.68e-5,0.269,0.964,133.234,7cZlFUJO4BjedIErzdP6iq,81038,4,love,29,erica
0.726,0.364,4,-12.019,0,0.105,0.0386,0.784,0.371,0.834,76.977,3U19GVybWYwG0wMXzrgL2h,100562,4,Bebop,20,erica
0.749,0.488,11,-8.556,1,0.181,0.86,1.64e-6,0.183,0.326,134.008,3IVEyfIOaUXhwtP7dub3m1,168044,4,Vamos Fugir,0,erica
0.378,0.772,4,-7.648,0,0.0625,0.0344,4.62e-6,0.979,0.645,130.205,7viUGyrcEEj23Fpch2EbmE,284293,4,Time Of The Season,11,erica
0.653,0.524,11,-9.016,0,0.0502,0.112,0,0.203,0.553,83.97,6tDDoYIxWvMLTdKpjFkc1B,160191,4,telepatía,79,erica
0.672,0.464,6,-5.624,0,0.037,0.43,0,0.284,0.271,92.069,3FHLkTWV2QvC8J0YhX4muT,200742,4,Never Seen The Rain,47,erica
0.288,0.291,7,-13.493,1,0.0331,0.933,0.54,0.228,0.0706,123.856,63rDXO1DXabHT2VkHpfqPa,232360,4,Melodies & Desires,23,erica
0.818,0.461,6,-6.475,0,0.292,0.598,1.35e-4,0.108,0.532,88.006,5tkR9JkBj3Ueeo8W4k8IZD,188053,4,Queen Tings,56,erica
0.621,0.849,3,-4.243,0,0.0489,0.00468,5e-6,0.328,0.875,130.979,5gqLY5H1ZyT3BScVr0nDMs,168018,4,Sway With Me (with GALXARA),55,erica
0.737,0.678,6,-7.011,0,0.0962,0.114,0.157,0.123,0.698,102.051,4o0LyB69tylqDG6eTGhmig,231826,4,Fire for You,68,erica
0.646,0.471,10,-9.247,1,0.157,0.122,0,0.125,0.455,170.084,3nOz1U41SZZ0N3fuUWr9nb,232813,4,I AM WOMAN,69,erica
0.606,0.497,4,-6.611,1,0.0277,0.348,0,0.275,0.362,130.739,4u26EevCNXMhlvE1xFBJwX,222773,4,If I Die Young,64,erica
0.587,0.35,2,-10.954,1,0.0318,0.74,0,0.156,0.17,74.479,4BXkf6yww23Vdju7E1fUrn,259453,4,Whiskey Lullaby (feat. Alison Krauss),60,erica
0.7,0.649,7,-7.421,1,0.0348,0.0918,0,0.0915,0.383,91.01,6kTAaVFflUJgnuLZ99p5p7,195174,4,My Day,31,erica
0.609,0.868,1,-7.428,0,0.031,0.00136,0.628,0.161,0.529,136.975,2ajUD0hDhkdQzySZk0DNDb,302600,4,Will You Be? - CFCF Remix,17,erica
0.617,0.384,5,-11.482,0,0.0917,0.0645,0.0347,0.077,0.0633,123.154,30VwUfzh7PfYaDiIm7pDOS,191220,4,Don't Go,0,erica
0.515,0.534,6,-8.045,1,0.0768,0.181,0.00278,0.0547,0.426,70.776,1Eolhana7nKHYpcYpdVcT5,145747,4,Little Wing,68,erica
0.534,0.589,1,-1.865,1,0.325,0.256,6.02e-5,0.176,0.632,78.616,1y4jsQt7MjnZhiD1L6qFBC,209829,4,Cradles,14,erica
0.706,0.479,4,-14.496,1,0.0336,0.315,0.0214,0.104,0.838,123.013,4aGOfNKO5I116YuS7nJdBZ,261550,4,Dragonfly Collector,4,erica
0.676,0.5,8,-6.878,1,0.0412,0.701,0,0.596,0.915,97.863,1uf5f99kLdlmUBEvVqrFyy,170611,4,Love Is Alive,34,erica
0.391,0.692,1,-6.543,0,0.0462,0.0946,1.58e-5,0.191,0.56,180.029,6vaSStNN5NX4nJ4QbRY3S0,246587,4,Colors,0,erica
0.78,0.593,8,-8.226,1,0.37,0.397,0,0.0712,0.792,159.995,2wmZFiWL7MKt2vQe6DPanz,241398,4,Grateful,46,erica
0.694,0.594,11,-5.362,0,0.0358,0.453,2.53e-6,0.0548,0.677,89.996,4PjZsEf8bCIVyf4VXd57wS,209753,3,Unholy War,49,erica
0.632,0.938,8,-6.999,1,0.339,0.0467,0.0057,0.098,0.227,135.787,3mhhCui69mtJnRhLDoIi2f,336440,4,Counting Bodies Like Sheep To The Rhythm Of The War Drums,47,erica
0.55,0.751,10,-6.351,1,0.0563,0.00479,0.0161,0.0935,0.33,90,08laHx8XXh8llSl5B6WM4s,363382,4,The Prayer,27,erica
0.552,0.608,1,-9.786,0,0.0345,0.352,0,0.0533,0.637,112.367,4s6LhHAV5SEsOV0lC2tjvJ,162373,4,California Dreamin' - Single Version,76,erica
0.6,0.688,5,-8.339,0,0.201,0.159,1.29e-5,0.409,0.0793,99.977,63SevszngYpZOwf63o61K4,156600,4,Nevermind,71,erica
0.661,0.635,10,-7.423,0,0.0645,0.204,0.00114,0.186,0.365,99.972,7IfOWyh4jTfkcGVrXKVNq0,218480,4,Aloha,60,erica
0.641,0.24,8,-19.107,1,0.047,0.979,0.866,0.234,0.32,99.02,5VnaOLeK1lKfULuNwet8ck,252121,4,Flowers,57,erica
0.653,0.519,2,-10.164,1,0.0497,0.406,0.0209,0.101,0.822,98.883,1qRA5BS78u3gME0loMl9AA,153693,4,For What It's Worth,74,erica
0.714,0.338,4,-10.994,0,0.0456,0.93,0.00644,0.389,0.667,128.386,2JdM4xPoCuHrMzOGQrMUBj,165067,4,Sunny,0,erica
0.831,0.419,1,-7.381,0,0.44,0.359,0.00228,0.0959,0.339,84.983,4PlzJVdaRYC9Fg2AqlOxer,207706,4,dreamin',49,erica
0.682,0.394,8,-13.029,1,0.198,0.258,0,0.0724,0.446,107.987,7qBnnlFavJKaDal2u40GOa,220000,4,Downers - A COLORS SHOW,44,erica
0.704,0.487,9,-6.407,0,0.0604,0.669,8.64e-5,0.111,0.313,121.726,51rPRW8NjxZoWPPjnRGzHw,301893,4,Tadow,71,erica
0.546,0.508,0,-6.301,0,0.0266,0.0151,0.00109,0.116,0.385,153.721,118kolZnbJBQvbOl0D4C71,223667,4,Daydream In Blue,11,erica
0.795,0.717,5,-5.759,1,0.0933,0.0704,0.00456,0.229,0.767,94.023,5eHSwC6rLTq1TyxnjRAcEB,196625,4,10 Years Ago,4,erica
0.714,0.8,11,-4.808,0,0.0504,0.127,0,0.359,0.589,134.002,3Wrjm47oTz2sjIgck11l5e,211560,4,Beggin',81,erica
0.622,0.783,4,-10.336,1,0.0372,0.0486,0.00105,0.615,0.663,111.609,0tFF03AX223mZHNmMhnBvQ,147800,4,Angel Dream (No. 4),47,erica
0.517,0.7,6,-6.568,0,0.0452,0.00375,0.0385,0.0634,0.518,179.986,3XKjZcgNYtvCmBpE1nX7Wn,176413,4,"I am not a woman, I'm a god",58,erica
0.438,0.805,8,-6.237,1,0.0624,0.00255,5.69e-5,0.0842,0.564,113.253,2aoo2jlRnM3A0NyLQqMN2f,240800,4,All Along the Watchtower,72,erica
0.315,0.534,9,-7.552,0,0.031,8.25e-4,0.108,0.101,0.283,116.891,61Q9oJNd9hJQFhSDh6Qlap,269720,3,House Of The Rising Sun,56,erica
0.473,0.966,10,-6.714,1,0.0886,2.82e-4,0.0155,0.0714,0.0912,144.965,2L064GzOFONclWq4wud5qA,91839,4,Rock the Red (Washington Capitals Fight Song),9,erica
0.615,0.438,1,-11.879,1,0.0373,0.582,0.0155,0.308,0.217,130.999,6pDV2eXUwq1PP9SCwqOivp,244465,4,99,24,erica
0.861,0.229,0,-12.306,1,0.0882,0.252,0.00136,0.104,0.043,109.963,3bJJt0Rk59KVtyUGkondB6,195273,4,Adventure,11,erica
0.828,0.502,0,-6.053,1,0.0445,0.172,0.00102,0.0544,0.677,105.953,3PWpjbSHuAe5UIKLmeEtj9,192139,4,Esther,0,erica
0.691,0.65,0,-9.161,1,0.0351,0.389,0.918,0.0903,0.0909,120.01,6oDAmJVC5rMtJfNInKCvNj,374250,4,Master Tea,0,erica
0.608,0.865,10,-5.648,1,0.1,0.014,2.97e-4,0.318,0.459,99.945,4tRhoKpfwdd22Cw1dfCyY7,185947,4,barcelona (feat. Sasha Alex Sloan) - Oliver Nelson remix,27,erica
0.706,0.604,2,-6.932,1,0.303,0.418,0,0.242,0.361,82.03,4VEEDnEFLI9dUy5QA51rom,165029,4,fools (can't help falling in love) (feat. Sody),65,erica
0.742,0.678,5,-4.605,0,0.192,0.0698,0,0.151,0.927,115.05,6JqYhSdTE4WbQrMXxPH5cD,135521,4,Honeypie,0,erica
0.732,0.956,2,-2.775,1,0.0708,0.017,6.99e-6,0.357,0.375,145.103,244AoGCbxOWUhaRzTR7Spz,170807,4,Hitta (feat. Juicy J),49,erica
0.702,0.55,4,-7.524,0,0.0247,0.0373,0.00234,0.147,0.535,106.003,57v4cMu70Wx4oG9rFp2lMq,212866,4,Touch,52,erica
0.536,0.486,11,-11.067,0,0.0346,0.244,0.00788,0.12,0.0968,131.988,7g3htkaLz4ETFn0cifwM3y,257573,4,High By The Beach,67,erica
0.537,0.315,5,-13.79,1,0.0271,0.588,2.29e-5,0.206,0.575,86.813,2Pr1nZpt8A8WP7QYpyq6L3,190320,4,Wildflowers,64,erica
0.681,0.774,11,-8.001,0,0.06,0.372,5.74e-5,0.373,0.773,104.71,0Rliuj2FRErOzjvSSKTGLd,229404,4,Smile,0,erica
0.682,0.72,11,-8.173,0,0.0381,0.326,0,0.148,0.673,117.003,2UbVnbE5FH6008mAm6Mmgw,169011,4,Run,71,erica
0.476,0.594,5,-6.879,1,0.135,0.0599,0,0.0785,0.314,159.702,6Tio0ZoDeSQnI7EBAqWer2,141050,4,Cover Me In Sunshine,70,erica
0.8,0.66,0,-4.903,1,0.158,0.158,0.02,0.14,0.634,117.923,4NexTaCZZ7Ehnf03A6SVjt,140012,4,Dandelion,63,erica
0.809,0.613,2,-8.402,1,0.175,0.0685,0,0.107,0.562,104.991,6tqIes4TjudsjfIpK4P2Jh,252779,4,Long Beach,58,erica
0.601,0.649,7,-6.979,1,0.133,0.166,3.35e-5,0.165,0.351,89.73,0oHEteATZnAZuA9dl1dXF3,174720,4,Sensitive,17,erica
0.733,0.414,0,-10.102,1,0.0375,0.502,0.0834,0.334,0.627,124.982,20Pp8JzIBKnB7fvaIDzSET,121000,4,Bioluminescent,5,erica
0.385,0.501,0,-8.81,1,0.0429,0.231,0.55,0.226,0.118,120.065,2MH7TIx4kKbr4NlqK8zESP,246000,4,Transform,6,erica
0.471,0.68,0,-6.059,1,0.134,0.429,0,0.758,0.489,86.414,6mLAfMlEy9FlRYLQ7qAE3R,240241,4,Kids in the Summer,5,erica
0.582,0.334,11,-14.436,0,0.337,0.834,0.0171,0.0883,0.634,76.99,2qZFCu2kYtAagNQA7NZfCq,166150,4,To the Moon,0,erica
0.775,0.412,2,-11.789,1,0.141,0.403,0,0.148,0.658,139.967,65lskbT8WoXr7GT3YVjRqW,312000,4,Just Keep Goin',46,erica
0.825,0.611,1,-7.728,1,0.184,0.0496,0,0.33,0.539,115.015,66jK7lWFar1P0Z9zs4YPhF,210608,4,Perfect World,36,erica
0.75,0.636,1,-8.473,1,0.0675,0.305,0.0043,0.0621,0.33,139.983,5FFVCYuBDztqDMWDrqAJAo,185143,4,Ghost,43,erica
0.468,0.495,8,-9.96,1,0.36,0.0351,0,0.119,0.221,119.906,0OOwaWAmmfflp9ypoozXHp,172069,4,Vibrations,10,erica
0.488,0.489,7,-8.304,0,0.0696,0.55,4.08e-4,0.962,0.419,143.409,3sbDO7OKxoetYXqjyfa0Lk,240627,4,Breathe,17,erica
0.463,0.795,7,-5.21,1,0.195,0.0259,2.24e-5,0.0838,0.638,170.145,3cwrYbdU4eJkVXiH2USGid,178920,4,Come To The Beach,43,erica
0.752,0.613,9,-8.1,0,0.0283,0.0947,3.57e-4,0.0955,0.543,93.027,1dRaYeS22TQZ3jRLFfe7vM,175450,4,Loser,0,erica
0.593,0.873,11,-5.186,1,0.0478,0.127,4.4e-4,0.132,0.886,165.006,4S0IPaVHzkraym4ue5NZFG,169573,4,Live A Little,0,erica
0.758,0.838,9,-5.221,1,0.083,0.16,3.33e-5,0.113,0.939,94.97,01d8icCFucyvkGwyIRRO6Y,247532,4,The Caged Bird Sings,12,erica
0.808,0.736,10,-7.028,0,0.182,0.0458,1.79e-5,0.156,0.731,104.037,6HhSXfE5awuROXf2Bu7J2i,271796,4,Shine Bright,25,erica
0.607,0.931,4,-4.505,0,0.145,0.0666,3.7e-4,0.195,0.79,144.924,4ty3gPfsJzRoE79nFXsdyc,213480,4,Move On Up,0,erica
0.522,0.909,10,-5.962,0,0.0431,7.66e-4,2.8e-4,0.135,0.609,154.997,732OcwU2wklgYhHvRKa4k3,243097,4,It Gets Better,38,erica
0.691,0.538,0,-9.952,1,0.103,0.246,0.163,0.178,0.329,99.972,1pBO9JDqh1y3TbCKEO1OvG,182668,4,Nostalgic,0,erica
0.932,0.835,1,-3.905,1,0.156,0.105,0,0.0847,0.926,144.02,4E7ZbuJH3NddjnMWLstkRq,182465,4,I Am (feat. Flo Milli),58,erica
0.667,0.719,7,-5.371,0,0.0346,0.00285,8.1e-5,0.0736,0.717,100.021,7szuecWAPwGoV1e5vGu8tl,237520,4,In Your Eyes,76,erica
0.501,0.674,5,-6.363,1,0.0408,0.00346,3.56e-5,0.282,0.152,155.051,1fipvP2zmef6vN2IwXfJhY,200838,4,I’m Ready (with Demi Lovato),60,erica
0.664,0.316,5,-10.345,1,0.519,0.298,2.03e-6,0.0812,0.541,92.875,43rA71bccXFGD4C8GOpIlN,170640,4,I Forgot That You Existed,69,erica
0.648,0.641,7,-5.521,1,0.0389,0.00565,3.63e-6,0.109,0.505,184.021,73h4oe03sZy8bXfQLfnqMv,180348,4,Who's Laughing Now,0,erica
0.762,0.585,8,-8.819,1,0.102,0.478,0,0.113,0.303,140.005,4gbB4ORVF9jqFWgPF8277Z,180240,4,Keep On,51,erica
0.612,0.619,2,-5.702,1,0.0437,0.602,0,0.0866,0.469,99.71,36y5E5cxFbz6xU8UqT7Iv7,213960,4,Love Myself,53,erica
0.637,0.666,10,-6.773,0,0.0494,0.161,0,0.108,0.529,104.02,1hJIbOjWpid6LtnozHmzRS,213869,4,Diamonds,64,erica
0.725,0.668,5,-7.286,0,0.055,0.0932,2.33e-6,0.112,0.566,82.966,35Dh5MnCUPLN3XyAVtQff3,176787,4,Do It,63,erica
0.961,0.617,11,-5.76,1,0.344,0.26,0,0.149,0.734,125.009,4tpSjqtLO12aIUHcSBR9rp,161280,4,Step It Up,37,erica
0.487,0.366,9,-11.536,1,0.0281,0.559,0.00952,0.133,0.118,129.663,0kBrYzJBY54Skzm0gE3J50,267307,4,Light,0,erica
0.67,0.398,9,-9.14,1,0.0306,0.319,1.13e-4,0.38,0.219,125.983,5tfZ1uYrArdbDqiZ7z1aCE,231429,4,Space Girl,0,erica
0.73,0.792,6,-5.33,0,0.13,0.0264,0,0.101,0.745,99.039,6wXgnhpmOPEJ7cUweSyy2B,170158,4,Dance with Me (feat. Thomas Rhett & Young Thug),53,erica
0.682,0.783,8,-4.997,1,0.18,0.0262,0,0.206,0.323,106.899,28Tv8zltFDr5wBCG3Pfky4,216084,4,I Love You's,0,erica
0.643,0.638,1,-4.947,0,0.0407,0.204,0,0.0707,0.6,82.001,7BXW1QCg56yzEBV8pW8pah,226107,4,Have It All,60,erica
0.743,0.837,1,-5.025,0,0.0649,0.0172,0,0.0743,0.263,103.072,0zzVTGyRrWpQu8Fr28NRAv,159863,4,OK Not To Be OK,67,erica
0.719,0.487,9,-6.21,0,0.0604,0.711,8.36e-5,0.0958,0.345,121.729,1DoS5ql0TW3ejjJGHbsAmz,301639,4,Tadow,0,erica
0.489,0.214,0,-13.164,1,0.0456,0.785,7.29e-4,0.123,0.341,85.046,732BVxsgydmdlTl4uXNjIC,305093,4,Walk on the Wild Side,18,erica
0.407,0.706,7,-5.526,1,0.0348,0.254,0.00693,0.125,0.54,164.022,0N0q5D8KmH13mmODXJsJqS,361227,4,Can't You See,0,erica
0.731,0.377,5,-10.851,0,0.205,0.113,0.00952,0.116,0.537,139.889,1apHkCBjoLYLPriI9Bzq81,288183,4,Shyne,25,erica
0.558,0.889,8,-3.945,1,0.102,0.191,3.87e-4,0.328,0.716,170.102,2HvtedoEeymVWrBPyAMNwZ,213547,4,SUPERBLOOM,64,erica
0.491,0.461,6,-5.646,0,0.0424,0.44,0,0.232,0.32,87.808,2grAr8pWMuLWn8ZYEE9wDV,200756,4,Never Seen the Rain,51,erica
0.673,0.687,6,-5.295,0,0.0623,0.269,0,0.181,0.524,96.964,2qfEcCkEo5NscA9GL7ER72,211040,4,Nobody,56,erica
0.675,0.761,4,-4.469,0,0.0466,0.432,0,0.102,0.428,119.001,6LOZws7T3jqZz78unPgFF9,199506,4,Dead To Me,74,erica
0.573,0.584,7,-5.755,0,0.0375,0.414,0.344,0.0994,0.664,84.126,5tVxp5ThchxaZ4TFcgqgNt,254560,4,One and the Same,0,erica
0.813,0.497,10,-6.691,0,0.326,0.26,0,0.102,0.86,88.906,1YsJwqe66K6wF6GZOkuMgV,186067,4,The Wave,49,erica
0.796,0.701,2,-3.275,1,0.283,0.308,7.82e-5,0.0516,0.619,100.954,0MvxgmXHMXh70GpnR0mKkT,201920,4,Tusa,35,erica
0.756,0.554,6,-4.24,0,0.0342,0.402,0,0.158,0.596,117.992,1qCmZnC1FUpNgOydIzqIPC,221467,4,Bad Child,57,erica
0.715,0.564,8,-5.56,1,0.0456,0.676,0.0072,0.0854,0.213,104.923,42zJqS8TW1Lpsa186of3OY,186267,3,I Feel Like I'm Drowning,0,erica
0.535,0.567,0,-8.209,1,0.0627,0.637,0.0162,0.157,0.186,83.99,4r4A9KphndxqMVfwhfgpBg,217143,4,Sun Will Find You,0,erica
0.639,0.546,1,-5.382,1,0.0407,0.0837,0,0.122,0.149,122.179,4uqh9bualXNHXXwO2wPorc,173124,4,Daisies,58,erica
0.675,0.695,7,-7.859,0,0.0753,0.00383,2.95e-5,0.0637,0.662,92.025,6wFqLYmiXyGvprbWa4ogm8,202779,4,i think too much,54,erica
0.721,0.716,10,-7.037,0,0.0657,0.0334,8.4e-4,0.237,0.667,104.994,6cy3ki60hLwimwIje7tALf,221714,4,RITMO (Bad Boys For Life),69,erica
0.656,0.722,0,-4.726,0,0.0478,0.556,0,0.134,0.301,90.097,3FGiFUJRRp5RGikVrs6kig,208208,4,Underdog,0,erica
0.497,0.542,5,-7.398,1,0.0315,0.16,1.4e-5,0.084,0.0707,93.57,2PxQbX856UQSlG7BGGwoEd,276400,4,Burn The Ships,0,erica
0.672,0.755,11,-4.666,0,0.187,0.014,0.826,0.164,0.51,77.549,1AY001zik4a6IFFE4ZrV9K,210596,4,XO Tour Llif3,35,erica
0.587,0.821,9,-5.041,0,0.0413,0.0536,0,0.0932,0.616,81.985,1aML2CdNXjkJJvIhzqN6Ka,234567,4,History of Violence,36,erica
0.59,0.242,10,-11.724,0,0.0516,0.978,1.24e-4,0.0906,0.366,126.721,6Vigp41BietH0WoFZ52JI5,214174,4,All We Do,56,erica
0.863,0.631,7,-4.689,1,0.0534,0.305,3.04e-5,0.123,0.817,128.977,4nK5YrxbMGZstTLbvj6Gxw,223480,4,Supalonely,67,erica
0.636,0.758,0,-5.567,1,0.0427,0.331,1.01e-5,0.16,0.281,97.025,4XII12nbsvJblXfG1I2QR4,214107,4,About Love - From The Netflix Film “To All The Boys: P.S. I Still Love You”,54,erica
0.731,0.557,1,-5.752,1,0.0521,0.207,0.00341,0.0989,0.372,145.072,7iRniSgefTcUkc9uOsCVIa,174627,4,Cautious,0,erica
0.509,0.521,8,-6.349,0,0.08,0.417,0,0.368,0.449,89.946,2UBUE9bD7ZwuSrH4svJAOS,220236,4,ocean waves,2,erica
0.74,0.642,9,-6.805,1,0.0291,0.0599,3.71e-5,0.802,0.591,130.03,1t46CVb0ge4YrBXKogogSg,170538,4,Things Won't Go My Way,40,erica
0.429,0.553,1,-4.838,0,0.0668,0.458,0,0.0766,0.381,97.954,7uYIX9O9DY6l1D3HiwHR1J,192456,4,Freaking Me Out,55,erica
0.693,0.564,1,-3.857,0,0.0378,0.399,0,0.0409,0.574,185.913,5aUSEPNd3m5xliFK4pn5mU,210901,3,Good Thing (with Kehlani),64,erica
0.477,0.682,1,-4.931,0,0.0925,0.153,0,0.0763,0.345,110.567,6b2RcmUt1g9N9mQ3CbjX2Y,202205,5,How Do You Sleep?,70,erica
0.572,0.742,8,-4.589,0,0.0347,0.245,0,0.108,0.376,127.19,20d27F17AZOxTJOEHAVK2Y,210236,4,Conversations in the Dark - John Legend vs. David Guetta,52,erica
0.397,0.524,3,-5.846,1,0.103,0.607,0,0.157,0.343,175.562,02VHspkXhhH1QCInRWWIfr,218854,4,Catching Feelings (feat. Six60),47,erica
0.734,0.415,1,-8.593,0,0.0305,0.559,0,0.0918,0.364,97.954,1sMi8ywnrNKysixM34zH9W,137195,4,La La Land - Acoustic,51,erica
0.756,0.851,2,-3.33,1,0.0674,0.0336,0,0.126,0.934,75.014,7BuSE9uTIw931wtZYzvZcQ,200693,4,Runaway,57,erica
0.794,0.793,11,-4.521,0,0.0842,0.0125,0,0.0952,0.677,123.941,6WrI0LAC5M1Rw2MnX2ZvEg,183290,4,Don't Start Now,75,erica
0.824,0.588,6,-6.4,0,0.0924,0.692,1.04e-4,0.149,0.513,98.027,5ZULALImTm80tzUbYQYM9d,209438,4,Dance Monkey,69,erica
0.394,0.718,7,-6.336,1,0.0607,0.706,0,0.116,0.247,151.912,1i3z3GR1JtLswOSJNO0BQw,158258,4,"You Can't Stop The Girl (From Disney's ""Maleficent: Mistress of Evil"")",53,erica
0.787,0.673,11,-4.583,0,0.159,0.264,3.35e-6,0.0904,0.779,110.962,3Dv1eDb0MEgF93GpLXlucZ,237893,4,Say So,75,erica
0.294,0.505,3,-8.106,1,0.042,0.12,0,0.0977,0.357,85.332,6wo37KVqFJhtuxPTpLCcfe,209893,1,Takeaway (feat. Lennon Stella),0,erica
0.693,0.678,8,-7.159,1,0.0324,0.0151,5.71e-6,0.101,0.404,103.952,6oJ6le65B3SEqPwMRNXWjY,228267,4,Higher Love,72,erica
0.511,0.747,0,-5.904,1,0.124,0.0393,6.63e-6,0.028,0.564,109.022,56khZQKfmdTikYbbZLgxAY,229285,4,Something's Got To Give,0,erica
0.765,0.689,6,-5.616,1,0.0456,0.236,7.39e-6,0.114,0.497,144.958,5Pgq1Gfeth2CuUhyCXwlfC,212850,4,Take It Easy,56,erica
0.529,0.496,0,-6.668,0,0.151,0.214,0,0.212,0.588,74.619,6l7lX8hJXVIUyPrTaabpqk,178747,4,Ready,0,erica
0.878,0.525,5,-6.832,1,0.0578,0.183,0,0.0714,0.694,112.022,1Cv1YLb4q0RzL6pybtaMLo,158571,4,Sunday Best,72,erica
0.621,0.601,6,-5.616,0,0.148,0.0522,0,0.46,0.457,116.735,1ZPWWSwCkxKfqdp4H0RFCo,163636,5,ROXANNE,0,erica
0.896,0.586,10,-6.687,0,0.0559,0.104,0,0.79,0.642,116.971,0nbXyq5TXYPCO7pr3N8S4I,196653,4,The Box,78,erica
0.705,0.459,5,-6.488,0,0.0604,0.0116,0,0.204,0.181,111.988,0GX655LpMUkmwmcRDZv858,216213,4,Deleted,23,erica
0.494,0.104,10,-25.439,1,0.0323,0.576,0.614,0.0962,0.146,150.081,0ecWB8sAwAI01oJr0CPqyK,185374,3,Gumo's Hideout,32,erica
0.273,0.565,2,-7.283,1,0.248,0.516,1.68e-6,0.0855,0.298,179.518,2lTtnKQgjbrBA1qnOFhBkP,235226,4,affection,11,erica
0.581,0.71,2,-5.245,1,0.0348,0.0634,0,0.0732,0.188,106.04,2bDXmdP23tCK9uj8e2o3ya,249239,4,Devil In Me,51,erica
0.751,0.595,9,-5.741,1,0.15,0.0285,0,0.131,0.165,110.991,193IPtwCIa70ZBgFl4dlpc,260552,4,Controls (feat. Lox Chatterbox),37,erica
0.763,0.527,6,-6.779,1,0.123,0.0562,0.00384,0.0918,0.493,156.047,1spZPzBLYeVTvd0iDWXgC2,176080,4,Rooting For You,44,erica
0.782,0.762,7,-5.437,0,0.035,0.0338,1.73e-5,0.107,0.65,127.049,3ki2sYrrJ9bOW5hLF8oRI8,193987,4,Tempt My Trouble,40,erica
0.786,0.807,0,-5.344,1,0.0398,0.00496,7.08e-5,0.0552,0.814,92.502,27zJBz0YnuZO69U69z96vd,214160,4,Caught in the Middle,58,erica
0.463,0.924,9,-5.038,1,0.14,0.0038,0,0.127,0.571,163.024,1LI978vHqEu9Ix8w04jzQ2,186720,4,Dreaming Out Loud,0,erica
0.742,0.853,9,-4.147,1,0.0393,0.00743,4.79e-6,0.332,0.95,107.03,6plKFdrBnKF0y3CRuceTDh,208280,4,Faster,48,erica
0.622,0.85,1,-5.679,1,0.0971,8.99e-4,0,0.326,0.61,155.18,5WsE374LpBomAkCRSOcjWo,166452,4,Medicine,49,erica
0.622,0.757,9,-3.497,1,0.053,0.27,0,0.136,0.61,135.126,0hvMM1GPZZZHtNuMl8sU8a,233483,4,All Or Nothing,32,erica
0.626,0.571,7,-7.461,0,0.0327,0.25,0,0.0946,0.164,129.959,16w8ZGVSjI4TlTLV8VimBY,277623,4,Castle,62,erica
0.635,0.691,0,-4.862,1,0.258,0.555,0,0.097,0.638,82.142,5KONnBIQ9LqCxyeSPin26k,217419,4,Trumpets,60,erica
0.61,0.313,5,-13.138,0,0.0323,0.39,0.84,0.0899,0.087,80.009,3dJXvBddoH1AGLpKvmbYDA,433613,4,Time for Space,0,erica
0.551,0.885,1,-3.725,0,0.191,0.00107,0,0.117,0.708,155.923,32K03Gjk3OVL7fMQqrI5gA,185747,4,motherlove,40,erica
0.432,0.225,2,-7.864,1,0.0374,0.912,2.27e-5,0.108,0.0752,130.725,0kGZEtkVXSpWvyIqdVqCEi,248369,4,Naked,23,erica
0.795,0.496,0,-5.883,1,0.0722,0.108,0,0.0645,0.874,94.01,0DiDStADDVh3SvAsoJAFMk,183000,4,Only Human,68,erica
0.611,0.622,9,-5.075,0,0.0734,0.0188,0,0.359,0.538,146.11,340UVheS8z3ncW9TTUhAbc,231999,4,Nightmare,63,erica
0.726,0.763,5,-4.388,0,0.077,0.0607,0,0.161,0.754,95.009,5oHHknbV60X7ezoWXhMeXD,178914,4,S.L.U.T.,39,erica
0.625,0.753,6,-5.983,0,0.166,0.436,0.00273,0.367,0.539,88.956,4lKXjLzAV0Nxwln8MxHVtQ,223299,4,Coming Down,47,erica
0.583,0.913,7,-5.945,1,0.0401,0.00205,3.74e-4,0.164,0.659,95.991,4GEQub7U5aZP5so979h4oD,230000,4,Boys Aside,0,erica
0.787,0.655,6,-8.339,0,0.0431,0.238,1.71e-4,0.138,0.65,102.485,6shRGWCtBUOPFLFTTqXZIC,208653,4,Upside Down,62,erica
0.498,0.702,0,-7.833,1,0.0401,0.0193,3.68e-6,0.0669,0.542,79.3,37OjMlwuUVWWmVKrV8CiUQ,263213,4,Stand Up,56,erica
0.69,0.714,7,-5.948,1,0.0338,0.0077,7.23e-5,0.191,0.489,112.009,4lJNen4SMTIJMahALc3DcB,187027,4,"Thunderclouds (feat. Sia, Diplo, and Labrinth)",68,erica
0.459,0.838,8,-4.73,0,0.0586,0.0281,0,0.0596,0.544,140.002,4UmOAzO9O1xxFQEym6ZcSj,207288,4,What's It Like,0,erica
0.133,0.606,0,-5.184,1,0.0429,0.0121,0.0583,0.0902,0.147,181.655,3IA89ROOb6QcQxFkviEs4e,212958,5,Where We Come Alive,0,erica
0.708,0.729,8,-7.618,1,0.0311,0.0675,0,0.165,0.562,117.003,2jHtrZpn4EodGzAtK2WAxb,157436,4,RACECAR,34,erica
0.606,0.655,6,-6.328,1,0.402,0.139,0,0.103,0.696,159.824,67xBtV07CC73eFw7z5oCvU,236686,4,Do You Remember,48,erica
0.774,0.537,1,-6.422,1,0.041,0.247,0,0.112,0.106,110.004,0dyPzALHpPRiLTkxKANpFb,196493,4,Like Water,33,erica
0.438,0.856,0,-4.158,1,0.0584,0.0268,6.27e-6,0.375,0.49,127.991,65n4DkUhKUO4tECIabKwy1,224520,4,Hurricane - Arty Remix,50,erica
0.713,0.666,11,-6.128,1,0.0511,0.2,2.09e-5,0.137,0.277,112.015,6u8MYoxXvAHNR0enhdUqgd,209224,4,WESTWORLD,15,erica
0.571,0.585,9,-8.392,0,0.0494,0.239,1.6e-4,0.133,0.291,113.973,3ek4HgBlmvkTWgfT5sTSe9,258765,4,Drive,52,erica
0.654,0.623,6,-5.273,0,0.082,0.253,0,0.144,0.401,123.996,3lSDIJ2abCrOdDJ6pshUap,234213,4,Close,65,erica
0.623,0.843,0,-4.611,1,0.0853,0.0452,3.16e-5,0.0583,0.394,129.99,2zamJ9IucjrH4HQm1hN0Gd,191400,4,Bad Dream,0,erica
0.764,0.785,1,-5.486,0,0.259,0.0112,3.47e-6,0.56,0.633,122.872,3xBeJhojMV5Ci83MBAYylu,183532,4,Handle iT,0,erica
0.738,0.48,2,-7.749,1,0.0535,0.238,2.08e-6,0.314,0.258,90.991,0LJj35DjbxroqGRHUYv9b5,263736,4,Flower Tattoo,12,erica
0.877,0.558,1,-4.896,1,0.342,0.066,0,0.0745,0.493,157.027,1G5ho820Xi2Qu3HsBZ26ft,226533,4,Womp Womp,51,erica
0.698,0.633,8,-4.946,1,0.0597,0.0605,1.94e-4,0.0926,0.552,96.924,3GCdLUSnKSMJhs4Tj6CV3s,232187,4,All The Stars (with SZA),81,erica
0.708,0.619,6,-9.883,0,0.342,0.483,0,0.0997,0.149,114.045,1gSu3WiG9VO2i8I97AyhIH,208421,4,Polyester Poppin',15,erica
0.577,0.939,1,-1.352,0,0.108,0.0272,0,0.24,0.714,105.092,3BDxv4ORzOpXAsa4lWVl4i,168613,4,(Fuck A) Silver Lining,51,erica
0.597,0.768,0,-5.911,1,0.269,0.68,0,0.221,0.494,133.622,1xxkpoTkzUQoN1TkNwzIw7,172375,4,Sun Lady (feat. Ol' soul & Emma),21,erica
0.677,0.744,1,-4.512,0,0.0882,0.279,0,0.119,0.531,145.928,4U38hORPx8SsUAXGumsUYN,204785,4,Hold Me Down,55,erica
0.564,0.781,0,-5.837,1,0.038,0.019,0,0.362,0.501,93.991,2hOllBYUCt5hxmtVsY0l4o,145559,4,Hurt,0,erica
0.599,0.629,8,-7.493,0,0.349,0.0712,0,0.347,0.39,151.732,1gn8yrMa4mj7u9w1PYUY2A,238567,4,Long Sun,35,erica
0.636,0.537,0,-7.436,0,0.288,0.2,0,0.138,0.341,80.011,7JeaIbckwtOE3IitrWip39,290869,4,Gold,9,erica
0.693,0.821,5,-7.411,0,0.193,0.239,0,0.0816,0.729,96,64QmYISBsiTQwiYgtKmKpF,190625,4,Boat to Bermuda,0,erica
0.486,0.549,11,-10.183,0,0.401,0.0309,0,0.22,0.419,147.79,2pMGvSaR4dEjLjClIYBD7A,131274,4,GO FOR IT,15,erica
0.568,0.861,11,-5.405,0,0.245,0.00184,1.8e-4,0.662,0.39,128.354,68jjZfJWYPvTvwSRan91b2,143984,4,S4YM,13,erica
0.424,0.971,2,-4.027,1,0.0891,5.45e-4,0.0475,0.326,0.65,157.954,5Lfl6K7BM3h4kDuytUMXZQ,247760,4,Speed Queen,0,erica
0.379,0.478,8,-9,0,0.0891,0.503,0,0.201,0.109,120.115,7pvTLJOjJPbS97gnTfH6uH,234030,4,Don't,26,erica
0.628,0.751,1,-7.041,0,0.0991,0.0105,0,0.119,0.44,159.965,0CALOqrkXAE7WB2nyIATLk,222013,3,Face My Fears (English Version),51,erica
0.37,0.96,3,-4.162,0,0.0378,2.41e-4,0.0116,0.0563,0.717,89.428,5kr3j5Clb9rjEposoMyLVt,224133,4,Welcome to Paradise,65,erica
0.641,0.914,2,-4.798,1,0.05,0.0799,6.54e-5,0.132,0.723,107.996,1VA38sp5Jr6vWxgoIcnxKN,208400,4,Just A Girl,0,erica
0.652,0.557,1,-5.714,0,0.0318,0.74,0,0.124,0.483,150.073,2qxmye6gAegTMjLKEBoR3d,169354,4,Let Me Down Slowly,81,erica
0.837,0.684,4,-10.356,0,0.12,0.1,0,0.114,0.562,120.032,1E63X7TyJDM5O6cAJObxel,234069,4,Do What You Love,0,erica
0.679,0.526,4,-7.641,0,0.172,0.197,0,0.0792,0.231,105.133,7Im9JRMR5HVp9PmHjCsv75,221714,4,She Bad,0,erica
0.575,0.758,1,-5.029,0,0.0618,0.0954,0,0.394,0.493,144.107,5JEx7HbmvHQQswJCsoo9rA,182623,4,Close To Me (with Diplo) (feat. Swae Lee),60,erica
0.691,0.716,7,-5.985,1,0.0351,0.0085,9.06e-6,0.263,0.507,112.035,2c7GlMNmF7pbohjykutmLP,187027,4,Thunderclouds,0,erica
0.852,0.604,0,-4.569,1,0.0642,0.0503,0,0.327,0.667,94.762,0OaunKfsxkgBvPv68jBbmm,227547,4,It Wasn't Me,57,erica
0.752,0.488,6,-7.05,1,0.0705,0.297,9.11e-6,0.0936,0.533,136.041,5p7ujcrUXASCNwRaWNHR1C,201661,4,Without Me,73,erica
0.815,0.518,7,-6.594,0,0.0897,0.223,0,0.104,0.877,151.891,1tNJrcVe6gwLEiZCtprs1u,177667,4,3 Nights,71,erica
0.689,0.679,7,-5.893,1,0.0517,0.195,0.00111,0.224,0.475,149.972,2YyvWje3cEYyqgYhNUIaBJ,209773,4,La Di Da,54,erica
0.689,0.412,7,-7.523,0,0.0301,0.488,1.6e-4,0.0659,0.537,126.754,0lsRatBUs9HNIZAmoGABzk,184060,4,Trampoline,60,erica
0.683,0.562,0,-10.315,0,0.0605,0.086,0.279,0.12,0.149,98.027,4SDeLyW1YUKuUn3xEU0MFD,229413,4,Better,41,erica
0.555,0.487,11,-6.48,1,0.0309,0.374,0,0.158,0.576,134.044,2Cakl6tRkLxccrnqJdvGpu,198787,4,Come Fly with Me,44,erica
0.459,0.267,0,-8.948,1,0.0294,0.807,0,0.119,0.342,63.378,1QELw50Dl95LusF6uOkDqk,229963,4,La vie en rose (feat. Cécile McLorin Salvant),53,erica
0.782,0.387,0,-11.745,1,0.0748,0.532,0.127,0.114,0.338,79.987,52SBYKybIDhlZbRI9GZTuU,144000,4,Creator,6,erica
0.628,0.778,9,-5.604,1,0.0519,0.307,0,0.0888,0.576,90.016,1Dk8oCU570wW9C6Rt8I9gL,385656,4,Just Love Ngayong Christmas,0,erica
0.701,0.755,2,-5.82,1,0.0417,0.00363,7.95e-4,0.121,0.116,95.036,5zsHmE2gO3RefVsPyw2e3T,222307,4,What's Up Danger (with Black Caviar),67,erica
0.76,0.479,2,-5.574,1,0.0466,0.556,0,0.0703,0.913,89.911,3KkXRkHbMCARz0aVfEt68P,158040,4,Sunflower - Spider-Man: Into the Spider-Verse,79,erica
0.766,0.881,9,-5.158,0,0.137,0.0166,2.3e-6,0.347,0.674,112.027,4Uy3kNxW2kB8AEoXljEcth,174893,5,"Familia (with Anuel Aa, feat. Bantu) - Spider-Man: Into the Spider-Verse",57,erica
0.724,0.6,10,-4.391,0,0.29,0.141,2.18e-4,0.104,0.466,86.984,6VS7wKwtvL2FvTupYSWZ9e,196387,4,Invincible,56,erica
0.728,0.727,2,-3.585,1,0.206,0.0128,0,0.0882,0.89,143.144,6V81K1OcvYgHEnCA6A2Qx9,171467,4,Start a Riot,62,erica
0.567,0.651,5,-7.146,0,0.0554,0.0519,0,0.183,0.519,93.989,2CWOMDYFK4Ef3867nEhnVM,199147,4,Memories,54,erica
0.871,0.751,6,-8.042,0,0.0788,0.00391,0,0.0853,0.787,139.984,0vkzRCT7wzqWCFJw5TN1MQ,178720,4,Save The Day (feat. Coi Leray & LouGotCash),51,erica
0.764,0.725,7,-8.812,1,0.0576,0.463,5.91e-6,0.109,0.0794,100.063,5F2AuFzEiuAQD0JVNjVJQz,177653,4,Let Go,55,erica
0.443,0.623,0,-6.717,0,0.0718,0.0468,0,0.247,0.156,79.365,3vWzyGTu6Ovo1GdrcJqH6e,233000,4,Scared of the Dark (feat. XXXTENTACION),66,erica
0.58,0.935,6,-4.847,0,0.293,0.176,0,0.514,0.666,129.173,6kiauSlWtddVQx4JwJx51p,219400,4,"Elevate (feat. Denzel Curry, YBN Cordae, SwaVay, Trevor Rich)",58,erica
0.585,0.941,10,-3.278,0,0.145,0.03,8.41e-6,0.196,0.45,130.024,7cFFhb9Wz2ZXLSpEk2VDKd,153773,4,Way Up,56,erica
0.715,0.639,5,-5.017,0,0.0752,0.0622,0,0.157,0.151,149.996,6rz0dTA0PdhXImFV5EjM0w,205800,4,Hide (feat. Seezyn),71,erica
0.604,0.736,10,-5.596,0,0.0555,0.00608,0.109,0.11,0.345,118.012,7pBsquIkbED6W6uSQJGbkn,211360,4,Home,55,erica
0.56,0.68,6,-7.648,0,0.321,0.555,0,0.116,0.319,89.391,0d2iYfpKoM0QCKvcLCkBao,173800,4,Eastside (with Halsey & Khalid),71,erica
0.689,0.784,2,-2.972,1,0.074,0.182,0,0.0843,0.561,99.954,6DkXLzBQT7cwXmTyzAB1DJ,263173,4,What's My Name?,71,kiran
0.547,0.695,9,-4.969,1,0.0337,0.108,0.00301,0.14,0.641,144.684,2O99aywAVBhaPrsiJ6zbSS,241987,4,'Cause I'm A Man,58,kiran
0.502,0.699,5,-5.528,1,0.0333,0.0055,0,0.171,0.354,111.024,5h9hkYIBWTZYFRmF6Iz1gt,185773,4,Love/Paranoia,62,kiran
0.47,0.809,8,-6.74,1,0.0495,0.272,0.00671,0.0491,0.49,151.836,52ojopYMUzeNcudsoz7O9D,363240,4,"New Person, Same Old Mistakes",76,kiran
0.563,0.75,11,-4.496,1,0.127,0.113,0,0.0788,0.812,173.906,60jzFy6Nn4M0iD1d94oteF,222920,4,Rude Boy,75,kiran
0.871,0.44,11,-6.25,0,0.0761,0.499,4.15e-6,0.114,0.799,137.996,5FEXPoPnzueFJQCPRIrC3c,221267,4,Day 'N' Nite (nightmare),66,kiran
0.775,0.726,9,-5.629,1,0.0369,0.0399,0.0235,0.11,0.206,126.999,11Iv8RCFmeImLOpaHYxKb4,185120,4,Stereo Love - Radio Edit,0,kiran
0.677,0.671,7,-4.905,1,0.0361,0.004,5.07e-5,0.413,0.527,137.046,30cSNer6TV8x2utjULVeQ5,238920,4,SOS,74,kiran
0.81,0.755,0,-6.408,1,0.199,0.291,0,0.0857,0.625,130.991,4KTtYhxFtFL7mBwnjkKfLm,246573,4,Glamorous,67,kiran
0.892,0.714,4,-6.055,0,0.141,0.201,2.34e-4,0.0521,0.817,100.972,1AWQoqb9bSvzTjaLralEkT,267267,4,Rock Your Body,73,kiran
0.771,0.68,11,-5.881,0,0.224,0.277,1.18e-5,0.682,0.808,119.952,4NeOWqHmlrGRuBvsLJC9rL,276160,4,My Love (feat. T.I.),69,kiran
0.791,0.713,5,-3.742,0,0.254,0.0163,0,0.189,0.514,130.012,4H1ZiD0aytFHoOiosVmT1w,192573,4,DONTTRUSTME,49,kiran
0.607,0.805,11,-5.579,0,0.0608,0.00175,0,0.231,0.232,139.894,1hBM2D1ULT3aeKuddSwPsK,202667,4,STARSTRUKK (feat. Katy Perry),61,kiran
0.607,0.783,7,-4.41,1,0.0397,6.83e-4,0,0.0678,0.434,113.172,6TrNRd98WksT9Kkmx9uj6R,231173,4,Let It Rock,62,kiran
0.762,0.692,5,-3.973,0,0.0438,0.113,0,0.094,0.397,114.906,7Hqig8kp32q2Ire3ECQvWM,208307,4,Paparazzi,67,kiran
0.644,0.939,11,-3.486,0,0.0456,0.157,0,0.233,0.861,106.031,28IEbk5a7twNTbUEvWslUb,208107,4,Paralyzer,71,kiran
0.606,0.591,0,-7.228,0,0.087,0.0756,0,0.328,0.477,95.802,1MBM7CyZbwJpVbbZJnHHRg,252973,4,Summer Love,64,kiran
0.738,0.673,10,-3.377,0,0.205,0.0463,0,0.0604,0.565,140.068,544wx7ulaLbPEecrnYr5uZ,250667,4,Kiss Kiss (feat. T-Pain),0,kiran
0.662,0.507,5,-8.238,1,0.118,0.257,0,0.0465,0.676,86.412,68vgtRHr7iZHpzGpon6Jlo,223440,4,My Boo,74,kiran
0.943,0.809,5,-4.23,0,0.0483,0.404,0,0.0787,0.96,118.968,7Ka7hKz3rVs8VJVvujnJyX,213320,4,Smack That,33,kiran
0.588,0.391,0,-8.596,0,0.0334,0.839,0,0.195,0.349,144.053,3husjxyCMBvNeiTEcrpPSe,224630,4,Unfaithful,0,kiran
0.582,0.57,6,-9.184,1,0.273,0.167,0,0.229,0.595,94.83,7qAqXbEGXCT50QfZSmRJWx,206853,4,So Sick,30,kiran
0.951,0.597,0,-4.651,0,0.0669,0.104,0,0.0718,0.819,125.024,0j4wZ17xz0Xv4lIFvtZI48,216467,4,Temperature,0,kiran
0.803,0.454,8,-4.802,0,0.0294,0.352,0,0.0655,0.739,99.99,7k6IzwMGpxnRghE7YosnXT,192213,4,Me & U,71,kiran
0.779,0.64,7,-8.415,1,0.159,1.55e-4,7.7e-4,0.101,0.498,99.019,6GC6lcKgjCdsdIz5OiCUw5,246960,4,Pon de Replay,0,kiran
0.185,0.344,7,-9.378,1,0.0295,0.81,0,0.166,0.424,178.635,3nsJGZ5RV2ZHkbKvD771gU,164160,3,Ooo Baby Baby,58,kiran
0.407,0.943,11,-1.735,1,0.324,0.0363,0.0515,0.319,0.306,173.495,1g5e9WHQKSf4K7UYMinNDB,195862,4,Realise,52,kiran
0.494,0.842,7,-4.784,1,0.0843,0.00579,0,0.122,0.574,162.011,2TfSHkHiFO4gRztVIkggkE,229093,4,"Sugar, We're Goin Down",74,kiran
0.733,0.71,5,-5.849,0,0.0292,0.145,0.115,0.0956,0.965,127.975,7w87IxuO7BDcJ3YUqCyMTT,239600,4,Pumped Up Kicks,79,kiran
0.693,0.57,9,-8.103,1,0.237,0.283,2.43e-6,0.282,0.502,109.958,5S3nUmVLBUNFDGYzMXF7Hx,198087,4,Slow It Down (feat. Jordan Dennis),16,kiran
0.748,0.546,3,-8.898,1,0.0368,0.579,0.695,0.0919,0.822,79.762,1ZbvEfR0gXKeuDSEtwdrwH,96400,4,Fillmoe,37,kiran
0.681,0.647,1,-9.559,0,0.345,0.107,2.09e-6,0.352,0.614,168.012,2p7wOSweU1S14ISXNOnfIY,200000,4,Spit in Ur Face B,34,kiran
0.878,0.714,8,-6.344,1,0.239,0.0528,7.64e-6,0.143,0.636,150.029,3wHRgXJJTTwS2CkusTpn56,195600,4,Big Shot Cream Soda,28,kiran
0.516,0.877,1,-3.52,1,0.0435,0.00212,0,0.329,0.235,111.968,5qFmtU2b7EvbhFG8NZOffH,214587,4,Stay,50,kiran
0.797,0.504,0,-6.538,1,0.114,0.0199,2.46e-5,0.198,0.178,114.994,0cQvicmQo8syJ2Zv8aYDfN,128418,4,O Pana!,66,kiran
0.77,0.819,0,-5.325,1,0.0946,0.00866,9.14e-5,0.293,0.228,129.96,65APjJmwAiUkCiK5tc1e9T,214230,4,Grayscale,49,kiran
0.403,0.965,6,-2.238,1,0.0964,3.81e-5,2.76e-4,0.341,0.431,112.363,1IT0WQk5J8NsaeII8ktdlZ,236293,4,King For A Day,74,kiran
0.539,0.671,1,-8,0,0.0379,0.00387,0.766,0.361,0.225,86.993,6bwuLPr45wsvbTjB0PGI65,234013,4,Beg for Me,50,kiran
0.324,0.416,11,-8.92,0,0.0368,0.262,3.69e-5,0.11,0.151,113.986,2nMeu6UenVvwUktBCpLMK9,236053,4,Young And Beautiful,79,kiran
0.566,0.647,1,-6.815,0,0.0335,0.0477,0,0.121,0.22,111.96,1Ist6PR2BZR3n2z2Y5R6S1,264773,4,Summertime Sadness,71,kiran
0.236,0.249,6,-9.595,0,0.0348,0.811,1e-6,0.087,0.181,72.847,24jvD83UgLmrdGjhWTFslY,281960,5,Video Games,67,kiran
0.753,0.484,9,-7.519,1,0.258,0.0149,0,0.135,0.597,79.668,2JKlf0IYz5oWsT3OCLyjpO,211560,4,Caress Me Down,58,kiran
0.464,0.754,9,-6.653,0,0.128,0.465,1.57e-5,0.37,0.444,86.501,0rFpcfF0YfvFUYsl99Bw9d,235627,4,Soundtrack 2 My Life,63,kiran
0.399,0.696,4,-9.98,0,0.0297,0.00141,0.871,0.339,0.792,126.835,5uaHxu2wJ4YRk37bHWtbTX,159444,4,Pingpxng,44,kiran
0.847,0.601,11,-6.311,0,0.103,0.163,0.787,0.11,0.548,139.996,5XKZua8kqgHwcxeKiMIjge,75429,4,AirplaneMode,72,kiran
0.564,0.71,11,-4.92,0,0.0461,0.00125,0,0.109,0.393,91.972,1z9kQ14XBSN0r2v6fx4IdG,225147,4,Diamonds,71,kiran
0.651,0.647,1,-5.415,1,0.0654,0.437,0.175,0.205,0.345,152.069,6eT2V7nKXyMf47TwPbtgAD,203733,4,Seek & Destroy,79,kiran
0.486,0.839,10,-4.5,1,0.158,0.327,0,0.048,0.398,165.948,4aPRuTsiG7B4owTTF8Dm3U,296227,4,Love The Way You Lie (Part II) - Pt. 2,59,kiran
0.475,0.577,7,-3.979,1,0.0341,0.219,0,0.121,0.319,169.897,1ceiWukdMtlzOFhiAMluOj,251600,4,California King Bed,44,kiran
0.788,0.71,11,-4.24,0,0.0426,0.113,1.22e-5,0.0638,0.632,125.919,1VDXQhu7YGdbM6UeEIfsaX,235493,4,Only Girl (In The World),54,kiran
0.69,0.786,2,-2.959,1,0.0692,0.229,0,0.0797,0.583,100.049,5xZtUAVUVfjBtVtMOgMkyy,263173,4,What's My Name?,54,kiran
0.766,0.682,1,-5.02,1,0.0419,0.0113,1.6e-4,0.104,0.833,127.966,08Bfk5Y2S5fCxgxk371Eel,243533,4,S&M,53,kiran
0.707,0.813,11,-4.515,0,0.0571,0.0863,0,0.168,0.722,124.921,2VOomzT6VavJOGBeySqaMc,238627,4,Disturbia,76,kiran
0.835,0.669,6,-5.582,0,0.0643,0.0336,6.92e-5,0.0535,0.542,122.668,0ByMNEPAPpOR5H69DVrTNy,267080,4,Don't Stop The Music,78,kiran
0.378,0.566,9,-7.685,0,0.0482,0.149,0,0.382,0.196,87.691,7sBwAWyXfiIgrYQ8BaJESH,328907,3,Keep The Family Close,55,kiran
0.858,0.426,10,-8.879,0,0.0402,0.00586,0.761,0.0977,0.419,89.981,4EcoXZhvbU3qS7ORWUEcVI,192897,4,Take Me Where Your Heart Is,58,kiran
0.753,0.836,1,-5.506,0,0.044,0.101,8.96e-4,0.118,0.661,121.95,4j5UF24fwzvkw6QtNH5YtK,160850,4,Afterparty,61,kiran
0.403,0.698,9,-5.058,0,0.0357,0.00171,0.00126,0.256,0.0833,159.869,3RJuptH9QoeJWzHd4ZCI0u,252954,4,Lullabies - Adventure Club Remix,49,kiran
0.846,0.891,1,-4.902,0,0.0652,3.94e-4,0.803,0.124,0.94,126.029,2e2yKavdT6WQzzMHwNtPFa,156216,4,In The Yuma (feat. Aatig),69,kiran
0.562,0.888,8,-5.647,0,0.0569,0.0172,8.85e-6,0.137,0.493,126.032,1HEXrpLmq5JKUIKAztNnQt,130952,4,Fall Through,36,kiran
0.609,0.94,10,-6.097,1,0.0617,0.00124,0.269,0.15,0.238,128.001,6txvQu0zUbiqG24A8XMLnK,188592,4,Miracle Maker,65,kiran
0.637,0.863,1,-2.095,1,0.065,0.00284,9.06e-5,0.543,0.716,75.069,7ed4tW9BkcqfingbiIgSl0,145600,4,Let It Spin,39,kiran
0.676,0.56,4,-6.024,0,0.0643,0.0112,0.00403,0.137,0.551,178.555,4SBVWkRIMJ6WBCYPvr5Bwr,219332,4,Make It Better (feat. Smokey Robinson),60,kiran
0.372,0.53,1,-9.519,1,0.116,0.229,9.54e-4,0.627,0.169,136.976,04yl0gqAhDRZe3MLAncaiD,187125,4,Lydia (please make it better),47,kiran
0.641,0.563,6,-10.532,1,0.0566,0.296,0.924,0.122,0.171,122.001,6YFRyll4isFUJrbHSeM1oJ,350164,5,Atlas,46,kiran
0.706,0.996,1,-0.37,0,0.171,0.0337,0.0955,0.332,0.606,140.136,74QbiFwSsu7OWqUDoV2Hzn,156857,4,BURN,10,kiran
0.783,0.81,10,-4.041,0,0.0794,0.0226,0.257,0.119,0.38,124.028,518hVcA2jiSyWbSFn8Js9b,305817,4,California - Chris Lake & Matroda Remix,40,kiran
0.794,0.684,1,-7.594,1,0.0668,0.00634,0.298,0.0881,0.542,123.024,7nEJrG2KIiH6PoDL1Ae5at,168171,4,Magic Carpet,48,kiran
0.795,0.797,10,-5.96,0,0.0634,0.00438,0.302,0.129,0.627,124.952,2M72ge9OrR7muKhcBi509v,189614,4,Rave Grave,41,kiran
0.707,0.893,7,-7.449,1,0.0543,0.00712,0.819,0.0802,0.159,130.009,7CYS0ibZaJm201ZKonnqih,498462,4,The Sound Of Space,51,kiran
0.559,0.32,6,-7.694,1,0.0414,0.0644,0.132,0.173,0.497,147.366,0nMqu5vN44GNv8UOQxmBJK,341200,4,Malibu 1992,58,kiran
0.302,0.557,9,-5.737,0,0.0326,0.063,0.344,0.118,0.103,113.563,1rydhdFtKe2CRkiaVb7aGF,411912,4,the BLACK seminole.,71,kiran
0.598,0.476,1,-10.168,1,0.0275,0.161,0,0.0513,0.533,114.977,6bvXw2MEcjT4sx8bl1fOjV,238240,4,We Have No Secrets,34,kiran
0.884,0.334,1,-18.943,0,0.228,0.0476,0.0588,0.107,0.571,98.315,26q6YTrXt9l8qshIveiTX9,261267,4,Rebirth Of Slick (Cool Like Dat),56,kiran
0.858,0.767,7,-8.645,1,0.302,0.00666,0,0.0489,0.753,91.522,1KFIhbTUmGKUG1wUw5M8Am,226800,4,Ya Playin' Yaself,47,kiran
0.683,0.74,11,-6.041,0,0.0462,0.00228,0,0.238,0.65,129.515,7qHAjAL7CpadaZLamuBZRm,281773,4,Thuggish Ruggish Bone,65,kiran
0.708,0.305,9,-14.003,1,0.817,0.138,3.08e-6,0.139,0.691,174.154,3enjxX3aOAsFyaKeH1O9jO,259453,4,Sound Bwoy Bureill,45,kiran
0.812,0.6,7,-9.414,1,0.254,0.00308,8.38e-6,0.173,0.555,97.338,5YTM7OgQDt9EJAYcfHLniJ,226440,4,Award Tour,61,kiran
0.804,0.823,1,-5.422,0,0.256,0.0812,0,0.0794,0.719,87.322,0Y1wsOHYGbNNNGeYjQJ8BL,300200,4,Temperature's Rising (feat. Crystal Johnson),53,kiran
0.726,0.603,9,-8.283,0,0.0613,0.309,0.0519,0.102,0.284,122.024,1uyQNwG1sFl7etjFTEHlQp,250291,4,Faisal (envelops me),54,kiran
0.61,0.76,0,-7.028,1,0.0582,0.0411,0.00975,0.12,0.458,129.93,4iWbvTeormWby3QX0nO85q,229000,4,Roze (forgive),55,kiran
0.648,0.775,5,-4.798,1,0.0694,0.0561,0,0.444,0.371,128.072,1vW12BfxjOQKYElBm9ttW9,217266,4,Billie (loving arms),54,kiran
0.751,0.478,11,-10.046,0,0.0432,0.35,5.73e-5,0.102,0.381,119.948,4ga6DnFBiJwRAySBghyAcb,200612,4,halfway,16,kiran
0.533,0.496,6,-9.363,0,0.517,0.77,1.64e-4,0.0969,0.173,155.158,6dFn6my1sHK2bcf23GlHwM,347987,4,2009,65,kiran
0.779,0.937,9,-6.269,0,0.0496,0.0443,0.101,0.0912,0.49,125.025,3T00mhdOYUuM5yiuPs3xhs,185000,4,San Frandisco,57,kiran
0.716,0.897,4,-7.185,0,0.0629,0.012,0.262,0.325,0.358,127.03,2c3KCGq6UojB2c8UAFrRON,274142,4,New Gold (feat. Tame Impala and Bootie Brown) - Dom Dolla Remix,70,kiran
0.805,0.884,1,-4.584,0,0.0573,0.139,0.00774,0.0729,0.478,119.991,5hJewESdjToYG75xQGXyJy,131240,4,SHOOTERS,61,kiran
0.715,0.945,2,-6.464,0,0.0615,0.031,0.0845,0.268,0.599,132.005,7EVwfiF5yCIzo8ndyfZpUL,238830,4,Kammy (like i do),58,kiran
0.687,0.413,6,-11.68,1,0.145,0.554,0.006,0.123,0.183,119.968,4pDE8vhtcEb90Eq2SvdWyB,168245,4,Chika (scared),52,kiran
0.767,0.878,8,-4.581,1,0.0648,0.0249,0.0294,0.147,0.401,125.018,4AGwu2Zn3sYmR2s2y3vfft,196797,4,Hannah (the sun),57,kiran
0.781,0.765,0,-8.228,1,0.221,0.163,0.00112,0.903,0.64,125.197,521n5wagIZ1522mA2ynHDL,222250,4,Tate (how i feel),59,kiran
0.531,0.803,1,-3.284,1,0.0717,0.0796,1.71e-5,0.176,0.221,142.113,22L7bfCiAkJo5xGSQgmiIO,299613,4,All Of The Lights,73,kiran
0.795,0.83,2,-5.358,1,0.0332,0.00102,0.0345,0.0964,0.601,127.008,78VvdxcfXAYBhdzuLFFvSK,257056,3,Kiss It Better,54,kiran
0.716,0.917,6,-5.091,1,0.0331,0.123,0.396,0.0628,0.751,124.032,4O3APpGNhOldqDsPF8IaS5,160669,4,Welcome To The People,62,kiran
0.405,0.808,0,-3.867,0,0.0355,0.18,4.12e-4,0.133,0.32,122.043,3B1Je3rlEac3p4ikYW13zw,232129,4,Define,54,kiran
0.542,0.487,1,-9.53,1,0.0286,0.0544,8.85e-4,0.0872,0.119,111.307,3JEJwjqLkg2Jbau5922CAb,216631,4,Her Way,76,kiran
0.584,0.596,7,-5.036,0,0.0722,0.0432,4.87e-6,0.0973,0.0427,119.682,0aGXAYTQ1z5fATfRQi8ziB,228000,4,Painted,30,kiran
0.855,0.872,0,-1.261,1,0.324,0.0851,0.0148,0.169,0.306,75.011,2oo8Z2lWcHwyc1BQiwG5ms,183775,4,Death Wish,0,kiran
0.663,0.381,5,-9.129,0,0.0346,0.362,3.21e-4,0.131,0.24,120.057,6yWn9RKfL1il1b4hFe6H1i,241120,4,Something Tells Me,54,kiran
0.463,0.561,10,-6.943,1,0.235,0.469,0,0.157,0.35,85.148,4TlN2LSHn3DzauUe77l0ib,475827,4,Perfect Circle / God Speed,55,kiran
0.672,0.868,11,-6.525,0,0.0412,0.00185,0.492,0.244,0.491,126.03,5XFktAerFHxM4tp7EhzTrh,153183,4,Lost,60,kiran
0.862,0.484,9,-13.12,0,0.0867,0.0112,0.00433,0.316,0.542,124.928,7cnS0EPwBnP9ZIdGOAOY7c,126720,4,Fake ID (Coke & Rum Remix),65,kiran
0.809,0.685,4,-10.194,0,0.0864,0.0842,0.918,0.0641,0.231,123.498,6h0UKzcHd8s5xjFIghKOHK,439190,4,Alles,36,kiran
0.654,0.776,10,-7.573,0,0.156,0.00727,0.00478,0.206,0.135,122.011,0Tve8wpzBOHnLKnSzt2HDe,192295,4,Heavy Hearted,49,kiran
0.626,0.85,6,-4.601,0,0.0336,0.134,0.00111,0.235,0.335,122.012,2l4FVt2iwtT0ytUMRu79lO,178042,4,Streets,15,kiran
0.701,0.744,0,-5.718,0,0.031,0.0998,0.00139,0.0927,0.534,125.045,718NV3Ob8ZQNOytQfwYKSc,150450,4,Love Is Just a Game,59,kiran
0.706,0.824,1,-7.036,1,0.133,0.0547,0.00162,0.0448,0.536,123.965,3PBxGPKTvxXvcP1Z7dDc3Q,185133,4,Never Let Me Down,41,kiran
0.733,0.693,11,-8.165,1,0.0326,0.0127,0.066,0.089,0.104,126.006,1zRD4eauhsTVfxtcD1n49S,230476,4,Alive,45,kiran
0.741,0.744,9,-6.081,1,0.079,0.0133,0.89,0.349,0.696,126.035,03GJQ4KeNYCyr2P7N45ajo,204762,4,The Reason,54,kiran
0.67,0.833,7,-8.365,1,0.0522,0.132,0.195,0.109,0.522,127.984,3XnvNOjFKyFyNvxlXy1DXm,205125,4,Live Without Your Love (with Steve Lacy),50,kiran
0.875,0.475,9,-12.673,0,0.0986,0.44,0.72,0.046,0.384,99.958,1NeLwFETswx8Fzxl2AFl91,232667,4,Something About Us,66,kiran
0.85,0.927,8,-4.265,1,0.0422,1.92e-4,0.00659,0.0683,0.601,128.004,7nDxeN6NDc7v3v774IXiC5,153750,4,A Milli - SIDEPIECE Remix,57,kiran
0.683,0.932,8,-10.402,1,0.0513,0.0389,0.605,0.0615,0.553,125.002,0w7JPlp7eEQI2EKW3ayXrv,235786,4,Drugs From Amsterdam,75,kiran
0.363,0.14,7,-15.783,1,0.0333,0.973,4.64e-4,0.136,0.13,114.127,0iMX77CpVx0rWWcXrmXkNl,397973,4,Whatever's Written in Your Heart,29,kiran
0.497,0.349,7,-14,1,0.0297,0.0929,0.028,0.259,0.421,113.762,5gOd6zDC8vhlYjqbQdJVWP,365627,4,Baker Street,65,kiran
0.527,0.591,6,-7.664,0,0.0396,0.194,0.0194,0.0907,0.461,123.167,5Y6nVaayzitvsD5F7nr3DV,256760,4,West Coast,79,kiran
0.769,0.654,2,-7.466,0,0.0423,0.156,0.00953,0.243,0.498,119.942,19GOaGVsb38yAFtZGdT2J3,228000,4,Casual Love,33,kiran
0.699,0.568,11,-6.431,1,0.0732,0.0964,0,0.0816,0.255,128.125,4BhgXwXrHuPUy8TTugy1Aw,161065,4,Beats Me Up (feat. Coucheron),33,kiran
0.492,0.928,1,-2.952,1,0.0529,0.035,0.492,0.214,0.321,72.498,3IfZ8pjZW94j2BytmBEw7D,202552,4,The Devil's Instrument,26,kiran
0.685,0.827,10,-7.745,1,0.224,0.138,0.00207,0.374,0.586,133.93,0Ftrkz2waaHcjKb4qYvLmz,250702,4,Delilah (pull me out of this),69,kiran
0.782,0.635,6,-9.382,0,0.122,0.0416,0.317,0.108,0.399,118.074,0VuHuQtpOCEDi9uu6GhtEK,184715,4,Yasminah (see your face again),52,kiran
0.683,0.819,7,-7.825,1,0.0517,0.00826,0.748,0.495,0.127,104.012,6zJUp1ihdid6Kn3Ndgcy82,199062,4,Sabrina (i am a party),59,kiran
0.203,0.742,5,-2.261,0,0.0371,7.62e-4,0.865,0.336,0.163,139.774,4WRSAREjHbW6vc5WCfOiVL,229714,4,Drowning,45,kiran
0.76,0.669,5,-9.105,0,0.285,0.0757,0.0215,0.77,0.215,112.023,6Ao5d7TMQ92h87jQqSHGyw,196071,4,Kyle (i found you),63,kiran
0.653,0.668,0,-8.183,1,0.0881,0.00116,0.00269,0.0731,0.711,160.048,3CgZCQyuyxHRMWB9BTwmni,257187,4,Swim Good,64,kiran
0.817,0.936,9,-7.669,1,0.0618,0.131,0.285,0.227,0.415,127,3NGC2t1KnSOFcDQv8EI2Pl,213562,4,Sidewindah (feat. Flirta D),55,kiran
0.783,0.322,0,-15.091,1,0.0343,0.213,0.00243,0.114,0.77,128.226,2Xb6wJYGi0QXwURw5WWvI5,267773,4,Right Down the Line,70,kiran
0.433,0.722,9,-4.006,0,0.0374,4.68e-4,0.00454,0.111,0.0521,129.976,1i13N3Lt7E1rT5Qtq2j7YJ,174923,3,Ghosts,33,kiran
0.597,0.483,0,-11.673,0,0.632,0.362,1.38e-4,0.17,0.285,124.452,4a14AFVG1iMsLJnT4wj5Up,154932,5,Perc & Sex,68,kiran
0.672,0.656,8,-8.313,1,0.0426,5.77e-4,0.538,0.0756,0.338,119.003,2jxJzUWxqX2fnQTD9lmi2x,346125,4,Papi (Bhabi),46,kiran
0.745,0.346,1,-7.709,1,0.331,0.00552,0,0.0881,0.112,203.911,0ZNrc4kNeQYD9koZ3KvCsy,237240,4,"BIG BANK (feat. 2 Chainz, Big Sean, Nicki Minaj)",62,kiran
0.904,0.813,4,-7.105,0,0.121,0.0311,0.00697,0.0471,0.81,125.461,0UaMYEvWZi0ZqiDOoHU3YI,226864,4,Lose Control (feat. Ciara & Fat Man Scoop),64,kiran
0.72,0.967,9,-4.434,0,0.0343,0.0289,3.45e-4,0.142,0.977,129.766,7fRvtXvJMpGfTLdF0M09a1,235093,4,Talking In Your Sleep,61,kiran
0.617,0.957,8,-3.15,1,0.173,0.0165,0.00128,0.208,0.109,125.039,0adOv7C57abcznr40leSHx,168960,4,Wall Of Death,42,kiran
0.659,0.678,0,-8.18,1,0.0313,0.157,6.69e-6,0.0784,0.647,106.186,2DnJjbjNTV9Nd5NOa1KGba,258411,4,You're so Vain,73,kiran
0.509,0.448,1,-8.403,1,0.0718,0.458,1.07e-6,0.0824,0.318,158.998,2fEcMBdl3BUmPclvQKSBfV,223867,4,Sheep,53,kiran
0.603,0.44,7,-13.284,1,0.0328,0.392,1.44e-4,0.578,0.671,128.021,4aQ8mFkZU6dmHaZOOKdscc,248160,4,Ripple - 2020 Remaster,38,kiran
0.923,0.741,2,-9.106,1,0.304,0.431,0,0.215,0.897,102.104,63wbLMdKSIrmnxctXgbXaF,130107,4,Manifesto,32,kiran
0.801,0.96,8,-5.534,1,0.264,0.0284,0.877,0.0985,0.101,126.045,7jURkEKDVEm9sHueqUX0ko,217411,4,Gimme That Bounce,62,kiran
0.813,0.793,11,-6.528,1,0.0879,0.0359,0.651,0.116,0.844,125,1HmeVQZdJNLoRTWmSSW09X,263040,4,Dance with Me,36,kiran
0.811,0.825,2,-5.48,1,0.0654,6.46e-4,0.517,0.0689,0.95,124.005,5D1zGVDJTOqwaGSzYw5TtP,211209,4,"Red Light Green Light - For Club Play Only, Pt. 6",59,kiran
0.898,0.893,1,-7.255,1,0.225,0.207,9.33e-5,0.061,0.653,129.047,4tcPIwy0UvLYjhXLrMyx89,150635,4,Pump It Up,57,kiran
0.696,0.898,6,-5.506,1,0.0505,0.00353,0.045,0.0896,0.392,125.027,48qOFX7pTnj1bPrdZAnFBs,284371,4,In the Dark,1,kiran
0.644,0.661,11,-6.093,1,0.0418,1.77e-4,5.23e-6,0.108,0.272,153.992,5W7BcYDIaeXnpG3e39T7hJ,240307,4,How To Love,63,kiran
0.261,0.604,6,-10.634,1,0.0844,0.0654,0.145,0.066,0.508,69.606,1jwKdqb7OindD204ocIryP,720186,4,Walk On By,38,kiran
0.785,0.545,1,-9.255,0,0.0547,0.106,0.826,0.32,0.423,119.02,202zw5qZmTEvCS1XVtTt6E,397431,4,Shoreline,22,kiran
0.741,0.619,1,-11.366,0,0.0514,0.661,0.674,0.125,0.146,126.008,4Z4i631BesV0P6LTvfLAdL,417100,4,Talk to Me You'll Understand,50,kiran
0.659,0.382,11,-9.929,1,0.0359,0.715,0.162,0.175,0.742,141.072,1kSE5bG1ctW05hl8Zzz9cE,225532,4,Different State of Mind,56,kiran
0.877,0.665,5,-6.597,0,0.191,0.0586,0.012,0.0685,0.786,125.017,4qXjXZPGtVNhQq1z9QDRFn,154860,4,People Ain't Dancing (feat. Kah-Lo),59,kiran
0.665,0.727,1,-8.073,0,0.0391,0.00984,0.394,0.172,0.397,133.922,3fSDSeR4mOGCldB3nhq7M1,198806,4,Jungle,68,kiran
0.761,0.781,5,-6.778,0,0.141,0.0681,0.108,0.0607,0.473,123.023,5Z8Dj3LtbyCMiwE86rhg2f,285375,4,Marea (we’ve lost dancing),70,kiran
0.683,0.887,6,-4.944,0,0.0497,0.0125,0.446,0.318,0.551,132.007,3pBpX15YF0hdlRz2ddfSh2,267947,4,Turn On The Lights again.. (feat. Future),69,kiran
0.665,0.727,1,-8.073,0,0.0391,0.00984,0.394,0.172,0.397,133.922,31B7wLv4yvtjDoTTmbnxeE,198806,4,Jungle,68,kiran
0.852,0.93,1,-7.02,1,0.209,0.0127,0.494,0.0573,0.236,129.028,55meeb1WffJW16DfMnWVi0,271642,4,()vȯ)) ̷̨ʅ(۝ʅ(Ɵʅ():::()̵̳̗̊(Ɵʅ()vȯ)) ̷̨ʅ,44,kiran
0.743,0.679,10,-8.295,0,0.286,0.0757,0,0.347,0.618,147.752,0Eqm7hD828cATBLUx2fJox,278084,4,Meditate (feat. J.I.D.),54,kiran
0.705,0.351,7,-10.655,0,0.0541,0.253,0.678,0.107,0.175,70.023,4zLfHJARur4UiJQOpmR6gS,173493,4,Our Time,35,kiran
0.604,0.845,6,-4.953,1,0.502,0.0231,0.00486,0.1,0.153,85.106,6Cn9Ql7HXOeyuNCsykTeBG,205796,4,Cake,36,kiran
0.628,0.872,7,-9.143,1,0.087,0.003,0.946,0.124,0.52,173.02,6cHgKzR8TImJbTmIJxt9mC,235840,4,Orange,42,kiran
0.735,0.569,6,-10.223,0,0.0319,0.363,0.315,0.105,0.235,120.006,5jy1cdnKDZjhHwIbDoWggr,320052,4,Wicked Game,44,kiran
0.784,0.91,1,-2.698,1,0.0824,0.00735,0.581,0.28,0.596,125.025,2vHOCV5YErCA8ypUwHozcA,203520,4,ON FIRE,45,kiran
0.439,0.153,1,-8.95,1,0.0479,0.874,0,0.107,0.104,116.76,4G92yYrUs0cvY7G41YRI0z,287693,3,Jealous,72,kiran
0.494,0.428,0,-7.239,0,0.205,0.236,0.0698,0.0816,0.44,87.724,1ZdhOMWyFR8Iv9eylMGYg2,157497,4,Mount Everest,79,kiran
0.574,0.664,11,-6.068,1,0.0409,0.0448,0.0553,0.146,0.226,144.654,6EtKlIQmGPB9SX8UjDJG5s,91870,4,Formula,80,kiran
0.615,0.784,2,-5.446,1,0.139,0.00362,1.75e-5,0.133,0.405,115.205,0VgFUdSwF7cdQMixbHIXzD,183688,4,Stressed,56,kiran
0.736,0.559,7,-9.225,0,0.293,0.559,9.6e-4,0.0886,0.0354,150.049,6LsMmm02qu6SOmp9JeaIyC,179200,4,To Whom It May Concern,63,kiran
0.368,0.259,2,-15.208,1,0.0327,0.942,0.871,0.126,0.183,139.333,7chdmuCsp3cZDK1drpm3lj,128783,4,The Forsaken Waltz,32,kiran
0.784,0.606,10,-14.039,0,0.162,0.0668,0.839,0.0752,0.923,139.991,6FGjZAnuAhE346JSwNJgaW,277147,4,Dutch Flowerz,27,kiran
0.64,0.649,2,-10.345,1,0.0264,0.216,8.3e-5,0.0551,0.865,124.825,4CoSCPlKNrWli7E5kFtbcl,221053,4,Little Lies - 2017 Remaster,69,kiran
0.4,0.65,5,-6.104,0,0.0466,0.0118,7.62e-5,0.791,0.15,107.989,4QhWbupniDd44EDtnh2bFJ,592920,4,Pyramids,70,kiran
0.453,0.782,8,-1.545,1,0.0382,7.02e-4,0.0443,0.238,0.411,122.022,7KAmEQvwxX3INewsh7LkjM,198893,4,Wasted Nun,34,kiran
0.537,0.893,0,-5.459,1,0.0893,0.00252,0.0211,0.0636,0.499,183.78,2nZ33CKRbgpJQJJQKHuGXb,227213,4,Plastic Beach (feat. Mick Jones and Paul Simonon),63,kiran
0.734,0.907,2,-2.327,1,0.303,0.0967,2.55e-6,0.605,0.487,144.99,3GxisQ1S1yAQI9SCxwik3p,244966,4,Blastin,34,kiran
0.561,0.886,2,-2.778,1,0.082,0.0229,0.00177,0.111,0.15,140.07,1NrMtXDtcevIfRdk3Qws4W,200857,4,Prayers,30,kiran
0.529,0.995,6,-4.264,1,0.129,0.00866,0.0725,0.116,0.208,74.981,0nDgqeSFjVBwldhYH8MTGU,185600,4,Alien,42,kiran
0.498,0.842,9,-4.561,0,0.051,7.2e-4,0.614,0.067,0.143,140.011,1ZbCtoKPtDZDg4wqWs9xtC,296756,4,Womp Portal,54,kiran
0.876,0.498,10,-7.511,1,0.0478,0.0706,0,0.143,0.428,122.016,31i56LZnwE6uSu3exoHjtB,173119,4,Neverita,85,kiran
0.655,0.782,8,-6.825,1,0.392,0.0105,0.00367,0.12,0.372,167.003,67IECOggWzBnCERhbOlTRp,164723,4,Center Core Never More,67,kiran
0.683,0.969,0,-3.29,1,0.171,2.75e-4,0.126,0.94,0.595,170.017,1xIibyoUvyxwoNqx8quHSz,226932,4,"My Swisher Sweet, But My Sig Sauer",65,kiran
0.894,0.767,10,-4.695,0,0.137,0.0231,2.36e-5,0.574,0.412,144.077,1UsvO5U72YRU8Xnq8Lp14O,140289,4,Champagne Face,69,kiran
0.759,0.833,11,-5.01,1,0.0779,2.6e-4,0.0573,0.178,0.522,140.026,5dol1hrERJOReznLRJ2VVQ,183919,4,BUCKHEAD,67,kiran
0.787,0.889,2,-3.125,1,0.128,0.00951,3.22e-4,0.652,0.677,156.027,49YpGS0rVcRLtiDvx5JQyp,172400,4,Sorry for the Delay,66,kiran
0.642,0.937,7,-4.058,1,0.15,0.0147,0.632,0.12,0.528,123.994,78M9wiuBmRktLeDvgvsk3s,224908,4,The Last Goodbye (feat. Bettye LaVette) - Hayden James Remix,54,kiran
0.637,0.849,4,-3.827,0,0.0394,0.0238,0,0.0686,0.774,74.041,0UHmxh6g5tTFZgA45SAylI,201429,4,Your Song,46,kiran
0.662,0.96,10,-4.161,0,0.0393,0.0029,0.205,0.277,0.3,124.986,7vzWtCVhEKDmDkMmT3AiUL,190080,4,Leave Me Like This,66,kiran
0.767,0.878,8,-4.581,1,0.0648,0.0249,0.0294,0.147,0.401,125.018,3KffMs30iYfPNYI8epNj5a,196797,4,Hannah (the sun),46,kiran
0.839,0.69,11,-4.464,1,0.0615,0.207,8.33e-6,0.176,0.744,151.991,6VrQTLzzuyGIYjUDe4kAZk,196413,4,Un Coco,80,kiran
0.633,0.395,8,-9.638,1,0.0857,0.692,2.22e-4,0.108,0.123,138.023,19YKaevk2bce4odJkP5L22,314075,4,Nikes,68,kiran
0.88,0.483,6,-6.419,0,0.248,0.515,0,0.159,0.806,125.024,6Cd4O7wpDas5PQruBM58S4,247972,4,LIE TO ME,41,kiran
0.789,0.665,9,-5.201,1,0.0665,0.00775,0,0.109,0.324,127.914,3Z7dieIRSquTYqLVR15mov,270747,4,Missed Calls,47,kiran
0.616,0.581,1,-6.637,1,0.516,0.186,0,0.116,0.676,82.812,2H2l7zo9EqtqxFr8R8N8Zg,203378,4,Can’t Punk Me (feat. EARTHGANG),59,kiran
0.559,0.243,1,-12.453,1,0.0326,0.925,0.935,0.108,0.162,69.941,6lAMnXLVCBPMXXWAK4lGSL,213000,4,Ylang Ylang,61,kiran
0.644,0.728,9,-8.396,0,0.029,9.88e-4,0.0279,0.473,0.607,132.488,0dcMqjeDpwqB2xhzMsld0p,235360,4,El Mañana,60,kiran
0.688,0.321,10,-10.827,1,0.0305,0.0451,0.00132,0.0939,0.0485,132.001,069mlD5el7f9hcN4Wh4YXb,201004,4,Cocoon,55,kiran
0.545,0.545,9,-7.362,1,0.107,0.667,5.48e-5,0.417,0.549,159.94,3xKsf9qdS1CyvXSMEid6g8,184516,3,Pink + White,82,kiran
0.688,0.657,9,-8.551,1,0.219,0.00972,3.38e-6,0.866,0.734,87.183,2fSTD1Yq2xhHI4ecZfgsLa,247533,4,"Diesel Fluid (feat. Method Man, Trife Diesel & Cappadonna)",35,kiran
0.823,0.561,7,-7.33,1,0.322,0.00497,7.76e-5,0.142,0.561,91.979,1XbqOF6nx3tJsyQjXRh9ux,158133,4,"As High as Wu-Tang Get (feat. Ol' Dirty Bastard, GZA & Method Man)",49,kiran
0.787,0.72,7,-7.569,1,0.313,0.223,0,0.633,0.521,121.003,2tNmhDlMbwQZLxQtWMt2EU,253467,4,"Gravel Pit (feat. RZA, Method Man, Ghostface Killah, Raekwon & U-God)",55,kiran
0.593,0.879,7,-3.283,1,0.489,0.0413,0,0.0846,0.842,159.557,3Muq83JE3THRD40GsLLxrH,200000,4,On That Sht Again (feat. Ghostface Killah & RZA),37,kiran
0.826,0.566,10,-10.747,0,0.311,0.199,0,0.356,0.655,99.131,24vNw0Z0srb4zYXwrakw8E,216133,4,"Wu-Tang Clan Ain't Nuthing ta F' Wit (feat. RZA, Inspectah Deck & Method Man)",62,kiran
0.677,0.933,6,-3.617,0,0.36,0.216,0,0.696,0.528,107.585,5tr8mEq8UnR1d6AEaESAs6,250827,4,"In the Hood (feat. RZA, Masta Killa, Inspectah Deck & Streetlife)",37,kiran
0.912,0.372,10,-11.427,0,0.334,0.0567,0.01,0.11,0.445,92.582,5JlvSLbV6uFjNrPQ3PLOrs,197200,4,After the Laughter Comes Tears - Tearz Vocal,43,kiran
0.63,0.846,5,-4.372,0,0.265,0.559,1.59e-6,0.482,0.742,84.99,28WjSSMg8Du6IdCA3DHphK,204840,4,Do the Same as My Brother Do (feat. RZA),33,kiran
0.699,0.676,7,-5.837,1,0.0935,2.3e-4,0.971,0.0368,0.869,82.53,3fQzTeYA61gdP4XN9vK7rb,293827,4,Slow Blues - Instrumental,38,kiran
0.585,0.786,11,-6.483,0,0.0957,0.019,0,0.139,0.687,96.132,229lOqe1FCzeSybDYHXMod,279773,4,Say What You Want (All Day Every Day),31,kiran
0.635,0.674,4,-6.771,0,0.342,0.015,1.01e-5,0.201,0.467,102.174,4RRvVSpreSh8psHZodRUU7,289733,4,"Severe Punishment (feat. U-God, GZA, Raekwon, RZA & Masta Killa)",43,kiran
0.846,0.875,7,-3.575,1,0.22,6.21e-4,2.39e-4,0.644,0.198,89.966,2RQ47bAanXMoCKIIUn5Kxn,202667,4,Lesson Learn'd (feat. Inspectah Deck and Redman),42,kiran
0.503,0.755,1,-4.811,1,0.265,0.0307,0,0.266,0.807,79.422,7lhkOb0VNnTlshwifCEoSr,136440,4,Molasses (feat. RZA),55,kiran
0.89,0.326,8,-15.409,0,0.382,0.158,1.65e-4,0.12,0.333,104.89,6hrnXzJeuXE2epZHTHiFMD,279227,4,"Da Mystery of Chessboxin' (feat. Method Man, U-God, Inspectah Deck, Raekwon, Ol' Dirty Bastard, Ghostface Killah & Masta Killa) - Radio Edit",31,kiran
0.794,0.627,11,-9.431,1,0.36,0.233,0,0.35,0.518,87.554,1v5cgIyffYtfEx0swttdoE,251467,4,"Bring Da Ruckus (feat. RZA, Ghostface Killah, Raekwon & Inspectah Deck)",59,kiran
0.934,0.459,1,-7.654,1,0.189,0.0516,0,0.222,0.697,103.04,6YYd5MLpu45J0uLrMdivF7,239547,4,Got Your Money (feat. Kelis),64,kiran
0.753,0.724,8,-6.524,1,0.331,0.37,0.00124,0.431,0.697,102.988,63LVYnGJmWjNnmHiOVsGhe,286653,4,Iron Maiden,46,kiran
0.57,0.774,1,-3.677,0,0.25,0.32,3.32e-4,0.199,0.229,65.964,4ymByZAPRqTlyJASAoJ921,244293,4,Bounce,56,kiran
0.63,0.782,8,-5.44,0,0.132,0.0828,0,0.034,0.418,140.144,6kfQDanT6Buh4Wu73ghbav,247947,4,Ayo Technology,64,kiran
0.531,0.574,10,-6.693,0,0.113,0.114,0.0308,0.256,0.272,115.68,2DHc2e5bBn4UzY0ENVFrUl,232467,5,Carry Out (Featuring Justin Timberlake),65,kiran
0.975,0.711,8,-3.904,1,0.0632,0.168,5.52e-4,0.0799,0.815,110.621,0wbDgMuAoy7O7pL3a69uZx,234027,4,Give It To Me,76,kiran
0.731,0.807,3,-6.492,0,0.1,0.181,0.751,0.319,0.765,114.759,2bLqfJjuC5syrsgDsZfGmn,179120,4,The Way I Are,78,kiran
0.722,0.745,4,-6.059,0,0.0536,0.151,6.26e-6,0.337,0.607,95.021,6C3yPXYG2NJYlIYVe5J7hv,309947,4,I'll Be There For You/You're All I Need To Get By - Puff Daddy Mix,57,kiran
0.827,0.488,11,-5.167,0,0.305,0.303,7.3e-4,0.0759,0.638,78.999,6zj0UbuOOigThu9Wmt99ox,204549,4,That's Life,44,kiran
0.867,0.538,2,-16.183,1,0.361,0.242,1.75e-5,0.316,0.781,158.328,4fxF8ljwryMZX5c9EKrLFE,249933,4,Boombastic,67,kiran
0.837,0.736,10,-8.367,0,0.378,0.225,0,0.0549,0.905,104.907,6UZS3KgNc0NF13bbtQTzD6,234093,4,The Jump Off,51,kiran
0.764,0.744,1,-2.34,1,0.181,0.0109,1.22e-4,0.318,0.511,88.426,2XQY54Im8VrO4sd2tAmiv4,262213,4,Welcome Back,50,kiran
0.686,0.737,1,-13.267,1,0.449,0.297,0,0.0809,0.801,99.157,7GoyV11vCmOSHgXCm8qq3s,167093,3,Put Your Weight on It,10,kiran
0.808,0.765,6,-7.363,0,0.302,0.00916,1.96e-4,0.0515,0.761,92.044,56whVbEPZ2bRA5VboQPned,254933,4,Livin' Proof,48,kiran
0.927,0.427,10,-8.304,0,0.391,0.0555,6.92e-4,0.241,0.652,95.23,1LuvccUiy1j9y8hpPBzQNh,215267,4,Get A Hold,50,kiran
0.782,0.597,1,-6.399,1,0.335,0.0568,0,0.582,0.528,94.631,61VlApj8p2ZaP0WTunTrKT,243133,4,Give Up the Goods (Just Step) (feat. Big Noyd),56,kiran
0.773,0.581,8,-8.466,1,0.432,0.0352,0,0.485,0.711,94.093,2MAaiV0bbeq4FpSwPe2rR8,203067,4,Find a Way,60,kiran
0.552,0.731,1,-7.497,1,0.509,0.0946,0,0.222,0.847,171.942,3eY9pixHny3kVRLeqNezQx,154480,4,Smoke Buddah,54,kiran
0.769,0.364,7,-14.337,1,0.415,0.158,0.0131,0.404,0.241,96.261,3cFT8G5sU4ind7VmAPsV5d,181627,4,Hippa to da Hoppa,44,kiran
0.897,0.466,10,-9.053,0,0.203,0.187,1.35e-6,0.0757,0.884,100.01,6IFOw9Ck9mWHRQgw6QrPYx,223133,4,Music (feat. Marvin Gaye),54,kiran
0.769,0.836,8,-4.15,1,0.244,0.0618,0,0.182,0.651,88.978,5fyRqeycMofUoGmDis5Gu6,237720,4,Bucktown,53,kiran
0.562,0.764,0,-4.181,0,0.228,0.0481,0,0.415,0.777,80.277,5XXNwf98jhyQ6ZgKnW2wFs,155933,3,Macula's Theory,32,kiran
0.868,0.658,1,-8.945,1,0.318,0.0928,0,0.0846,0.769,94.125,2dXK1KxlHZSyTXO914O0SP,164020,4,Nutshell,38,kiran
0.58,0.523,2,-9.779,1,0.0925,0.173,0.0647,0.334,0.488,89.964,11EKqwTjmJJuvIIbtJzIyh,206981,4,Time's Up,42,kiran
0.934,0.495,5,-7.483,0,0.346,0.0544,0,0.0934,0.836,101.781,4TGHOWSNAwUXn5onDQr0P1,221200,4,Street Talkin',58,kiran
0.891,0.607,10,-8.64,0,0.238,0.285,0,0.168,0.509,94.028,3myrzRJNm3fOLWliErE7GF,148053,4,Mind Playin' Tricks,46,kiran
0.891,0.319,4,-16.099,0,0.333,0.0933,1.04e-4,0.0482,0.687,92.649,1Z4mVNtYGnpjHUoZVo3IMU,284467,4,Smooth Operator,46,kiran
0.645,0.705,1,-5.008,1,0.299,8.13e-4,0,0.128,0.376,137.133,51rXHuKN8Loc4sUlKPODgH,229670,4,"King's Dead (with Kendrick Lamar, Future & James Blake)",67,kiran
0.509,0.518,2,-10.208,1,0.0304,0.0853,5.84e-5,0.338,0.248,81.042,61Jk4NuavJPhDBvVZes5iB,213560,4,"Right Here, Right Now (feat. Taska Black)",31,kiran
0.774,0.531,11,-7.176,0,0.0446,0.0595,0,0.0409,0.966,142.001,1CAEHafiiJKjp6t9hfYX7f,242333,4,Forever Loving Jah,56,kiran
0.778,0.377,5,-7.97,1,0.0839,0.527,0.0174,0.0865,0.84,77.368,42Kf5vRlcd07V2eMfW4nJe,229240,4,Gotta Find a Way,38,kiran
0.729,0.533,5,-9.325,1,0.0705,0.582,2.16e-5,0.122,0.79,75.052,6P4TFTWjdO5iXr8EfQVjqz,206173,4,Have Some Mercy,37,kiran
0.855,0.473,11,-9.846,0,0.146,0.0719,2.71e-5,0.0795,0.682,139.175,1ATZfYmZOcm24vl5oQtPdC,218400,4,"Roots, Rock, Reggae",62,kiran
0.577,0.697,7,-6.004,1,0.28,0.203,0,0.113,0.665,81.945,2OCZGpxsmKnTC1WYuBJK1L,171619,4,Skyline Drive,34,kiran
0.377,0.27,7,-10.477,1,0.0765,0.471,0.829,0.103,0.197,75.774,7sI3EGvDMD07yV6uLQu91C,140629,4,Home,37,kiran
0.634,0.75,11,-3.973,1,0.0908,0.124,0.0964,0.291,0.168,95.106,20HGVj6zb5CPf5ZnNt3KzL,207158,4,SOOTHSAYER,39,kiran
0.571,0.872,6,-4.495,0,0.0396,0.0444,3.26e-4,0.172,0.11,135.015,2sFSPBMsnBhxsm9xBY9uYi,284440,4,Loneliness,23,kiran
0.751,0.746,10,-5.33,1,0.117,0.199,2.41e-6,0.117,0.309,167.993,1fR961e0W4W2eeRdjfcrNn,180720,3,Too Young,35,kiran
0.569,0.581,8,-5.494,1,0.0343,0.212,0.00769,0.149,0.208,127.931,46ZbeFHcvPbZT3z19WIKHZ,174387,4,S.O.S,58,kiran
0.686,0.667,2,-7.284,1,0.426,0.296,0,0.218,0.667,77.977,19h1LNf7idduUW3jBeswB8,178292,4,Heaven’s EP (with J. Cole),62,kiran
0.534,0.288,10,-13.232,0,0.0331,0.195,5.21e-5,0.182,0.516,139.922,7BgyWwbbybJr2IbQoI1gzH,164571,4,Stevie Doesn't Wonder,69,kiran
0.934,0.61,4,-8.639,0,0.296,0.292,0.00315,0.0884,0.505,120.024,3PnDz7t38mzVZaImRrSknW,204000,4,LORD FORGIVE ME,44,kiran
0.487,0.369,11,-13.424,0,0.0406,0.736,3.75e-5,0.0925,0.106,183.114,1gk3FhAV07q9Jg77UxnVjX,289307,4,Gooey,66,kiran
0.531,0.902,5,-2.886,1,0.111,0.46,6.36e-5,0.124,0.366,94.009,314oBdIvnoTPDwSP4zOP8p,219587,4,Diamonds + And Pearls,47,kiran
0.595,0.913,9,-6.225,0,0.0442,0.038,0.838,0.109,0.29,125,7BpAUyMcDLWfFZo8tvJvh5,208359,4,Cinecittà,47,kiran
0.584,0.684,10,-4.314,0,0.567,0.312,9.05e-5,0.112,0.72,210.164,3NRql0A1Ef4RCvT473iqgD,213573,4,Hell N Back,74,kiran
0.793,0.841,8,-5.726,0,0.0402,1.16e-4,0.924,0.109,0.233,125.008,3b1nPRq67x4mlVe0KJAgTT,424320,4,Defect,19,kiran
0.764,0.672,7,-5.947,0,0.0293,0.072,3.32e-6,0.0806,0.789,129.049,2grSOc6HNTXQQXNoRKt9UM,136614,4,Good Ones,63,kiran
0.576,0.848,9,-5.935,1,0.0333,0.00161,0.00144,0.11,0.532,130.026,2edB8M0PPZCoYKm8ohDaNm,277433,4,Dancing In The Shadows,44,kiran
0.77,0.482,0,-9.796,0,0.0903,0.308,0.0802,0.0927,0.189,120.006,7rBpjxstrSsuOLqnuOC028,230040,4,Numb,52,kiran
0.679,0.915,0,-10.554,1,0.0458,0.00992,0.795,0.0925,0.106,124.005,46OIVHWlExMXlqYRCpkEYd,389801,4,UUUU,54,kiran
0.406,0.401,3,-15.653,0,0.413,0.66,0,0.318,0.518,72.947,1TpqQGpvD1yZVdzuy4WqW8,295776,4,"Don't Ask, Don't Tell (feat. redveil, Sam Truth & Glen the Saiyan)",42,kiran
0.624,0.966,6,-3.155,0,0.041,0.0729,4.84e-6,0.181,0.758,124.984,5MnmuLgPmsAFkmG5n85cna,182463,4,Better (feat. Teddy Swims),62,kiran
0.645,0.544,6,-7.185,0,0.0346,0.0746,0.621,0.107,0.131,133.986,0yclRzOGTnUoXAnK4RjWzr,194186,4,Walk Thru Water,42,kiran
0.6,0.931,1,-6.864,1,0.0973,0.00783,0.00149,0.115,0.304,134.868,1rHGit66Qhs5JL3FjaNYsW,157440,4,"They Want It, But No",57,kiran
0.766,0.539,7,-4.927,1,0.0479,0.402,0,0.104,0.888,120.175,27sBcXtgTBSJRdUxei1a7J,188501,4,Sexy Villain,60,kiran
0.563,0.44,9,-11.943,0,0.0822,0.286,0.683,0.269,0.213,120.009,2W3EgJst61RLZtPPm3EQim,276373,4,TERRITORY,64,kiran
0.502,0.641,1,-6.271,1,0.467,0.269,5.01e-6,0.197,0.212,75.008,16jl1W58vcK8Jd5ZGbvd5f,268667,4,"Pro Freak (with Doechii, Fatman Scoop)",58,kiran
0.705,0.712,6,-6.156,1,0.0385,0.0102,8.55e-4,0.1,0.62,97.512,2Y0iGXY6m6immVb2ktbseM,299960,4,Little Dark Age,78,kiran
0.891,0.586,11,-4.665,1,0.121,0.0833,0,0.213,0.954,130.012,1qpHbfyMnaIKcJPzVxfnpO,134548,4,"I'm Good Luv, Enjoy.",67,kiran
0.435,0.768,6,-5.352,0,0.201,0.0857,2.31e-4,0.0918,0.378,107.588,4rPJSqrov3zqGwXlemLBMw,239888,4,Escapism. - Sped Up,84,kiran
0.597,0.633,2,-7.101,1,0.105,0.0398,0,0.103,0.358,93.3,5X4Kp2arTuUl6tXNhNFQi5,214000,4,Ups And Downs,33,kiran
0.812,0.448,5,-11.048,1,0.0505,0.11,0.00126,0.0542,0.874,116.557,2tcuauvBQMH3a4B2Jug5sm,199560,4,What Does It Take (To Win Your Love),44,kiran
0.853,0.649,1,-6.148,1,0.313,0.0538,0.00877,0.361,0.158,75.52,2zvbziATXWicgf2ljFjkWG,155762,4,Bandzzz,32,kiran
0.633,0.938,11,-0.783,1,0.175,3.1e-4,0.253,0.163,0.27,74.871,0OItRm4j91NbTcraFL3XRt,67175,4,Here It Comes,32,kiran
0.83,0.974,1,-0.748,1,0.311,0.0524,5.6e-4,0.741,0.43,143.788,7D6m425UeqBrqDS3zhCCIu,130833,4,Zipper,16,kiran
0.564,0.592,0,-6.58,0,0.0473,0.313,1.13e-4,0.232,0.0724,117.748,0z2BVrzRVNvmnFF37mDhev,257962,4,Cassandra,55,kiran
0.661,0.937,10,-3.83,0,0.0744,9.67e-4,1.58e-5,0.355,0.535,130.999,5Y3VGpWUYkZWjK5SU4OzZg,249067,4,Judas,45,kiran
0.586,0.827,11,-5.103,1,0.151,0.0036,0,0.328,0.514,123.905,1HppjlHM0UO9PuvQJNUoxp,260253,4,Born This Way,40,kiran
0.851,0.806,4,-4.62,1,0.0787,0.118,1.64e-6,0.121,0.787,118.999,7zACUQbWQxzT4aER7ityBV,237200,4,Poker Face,55,kiran
0.762,0.692,5,-3.973,0,0.0438,0.113,0,0.094,0.397,114.906,0uNMe6UEqe9uGazPgUGnLD,208307,4,Paparazzi,54,kiran
0.894,0.678,6,-5.611,0,0.0523,0.00569,2.43e-6,0.317,0.844,105.024,5iHDEI2GIsx3YEa9OXPtRJ,216333,4,LoveGame,54,kiran
0.822,0.739,1,-4.541,0,0.0311,0.0264,4.26e-5,0.181,0.745,118.992,3QuEpyj4kTRWiWuckd1hcK,241933,4,Just Dance,52,kiran
0.623,0.793,11,-6.63,0,0.0462,3.97e-4,0.0015,0.375,0.36,98.998,1HHeOs6zRdF8Ck58easiAY,274213,4,Alejandro,68,kiran
0.696,0.921,0,-3.755,1,0.0363,0.00314,5.24e-5,0.0842,0.714,119.001,0SiywuOBRcynK0uKGWdCnn,294573,4,Bad Romance,79,kiran
0.822,0.739,1,-4.541,0,0.0311,0.0264,4.26e-5,0.181,0.745,118.992,2x7MyWybabEz6Y6wvHuwGE,241933,4,Just Dance,72,kiran
0.851,0.806,4,-4.62,1,0.0787,0.118,1.64e-6,0.121,0.787,118.999,5R8dQOPq8haW94K7mgERlO,237200,4,Poker Face,73,kiran
0.798,0.636,6,-10.52,1,0.0431,0.327,0,0.128,0.799,139.98,2fsPrE2NYiHOHPMuWbjvTj,377000,4,Ramta Jogi,55,kiran
0.778,0.737,0,-7.073,1,0.195,0.178,6.83e-6,0.0632,0.9,125.031,00slEv0AYGnW85H84XsmGz,394162,4,Phir Milenge Chalte Chalte,48,kiran
0.334,0.3,2,-12.359,0,0.0377,0.863,1.62e-6,0.195,0.158,147.076,4Q3oEhpsDommo2naYhCpAl,101799,4,Tujh Mein Rab Dikhta Hai - Ii,64,kiran
0.884,0.893,5,-6.141,0,0.162,0.138,9.22e-4,0.0614,0.937,128.024,5EqggGHTuqiUfruO2gMHhI,261016,4,Dance Pe Chance,54,kiran
0.56,0.604,8,-8.732,1,0.0866,0.315,1.12e-6,0.176,0.75,84.784,2LcXJP95e4HKydTZ2mYfrx,281574,4,Tujh Mein Rab Dikhta Hai,68,kiran
0.853,0.745,9,-8.636,0,0.109,0.0642,1.87e-6,0.0274,0.882,107.985,1ax8ZuwRVkSdzzsIqyCNWQ,359253,4,Tumse Milke Dil Ka,66,kiran
0.578,0.482,5,-10.503,1,0.0378,0.219,0,0.55,0.38,139.831,4xS7MhQnMv8ailfTUM347g,255493,4,Main Hoon Na(Sad),41,kiran
0.75,0.861,1,-11.029,1,0.0613,0.0755,0.00586,0.202,0.744,117.593,3pRF060IEOI5XSQAvONgSt,324053,4,Chale Jaise Hawaien,53,kiran
0.734,0.903,0,-3.972,0,0.0649,0.432,0.00569,0.2,0.712,102.009,0pPGUL7171TRGgI6wyP8wP,341147,4,Tumhe Jo Maine Dekha,59,kiran
0.48,0.681,5,-8.002,1,0.163,0.284,0,0.125,0.74,88.003,0v7rJIwQ2xeB1W19eU5IQS,361067,4,Main Hoon Na,58,kiran
0.712,0.776,5,-7.424,0,0.213,0.541,2.17e-6,0.0896,0.96,89.934,2UKK9UEbKlykbmLVP1zWIQ,263967,4,Haule Haule,64,kiran
0.787,0.866,6,-7.016,0,0.0436,0.0726,0.00292,0.284,0.68,101.009,4RtvAfvD8lgqqBnojwaDI8,268800,4,Gori Gori Gori Gori,50,kiran
0.776,0.603,5,-5.696,1,0.0343,0.0728,6.25e-5,0.111,0.921,96.888,5VA4Ispp52EA1sOqzMz3Av,295920,4,All I Want Is You (feat. J. Cole),71,kiran
0.557,0.852,2,-3.411,0,0.0308,0.0966,0.00409,0.108,0.366,140.044,0czEIxZg628LnldJfm7usx,228938,4,Zanzibar,58,kiran
0.545,0.534,8,-6.874,0,0.047,0.235,0,0.345,0.24,140.021,2lpygKqzPFtItQ4ss3cgfb,480187,4,Cinderella (feat. Ty Dolla $ign),63,kiran
0.791,0.733,6,-5.215,0,0.052,0.147,3.81e-4,0.0713,0.761,114.98,7jk7gqyEonmVVYahZN5zhW,192360,4,Circus,71,kiran
0.685,0.574,0,-6.839,1,0.0466,0.00718,1.54e-4,0.102,0.0361,105.053,0ve95416twOLiJLPM7VhtA,228571,4,With You,39,kiran
0.464,0.496,0,-6.688,1,0.0447,0.163,5.01e-4,0.783,0.0803,113.317,7cPO2IPraPDlGIguekShlV,193732,4,Jewel,45,kiran
0.629,0.579,3,-6.859,0,0.0358,0.342,0.0856,0.119,0.326,124.966,7dEYUkZMdUs7rfOKRMr5lO,226979,4,Empty Room - Cabu Remix,0,kiran
0.466,0.868,7,-3.442,1,0.136,0.017,0.00673,0.129,0.578,179.928,3G69pyQGyx49kjsy9waiXf,281259,4,Skinny Ape,62,kiran
0.689,0.739,2,-5.81,1,0.026,1.51e-5,0.509,0.064,0.578,120.423,0q6LuUqGLUiCPP1cbdwFs3,233867,4,On Melancholy Hill,73,kiran
0.707,0.772,1,-8.031,1,0.366,0.117,0,0.214,0.688,178.102,5wBR7E6BADAHWj5vBHdnDd,172584,4,Antisec,48,kiran
0.657,0.713,7,-4.787,1,0.0406,0.0791,0.394,0.221,0.544,175.096,2mobDDzkskezluhIzhM7Sg,119314,4,way back,70,kiran
0.745,0.353,1,-10.614,1,0.0983,0.174,0.00662,0.118,0.598,160.111,0WtDGnWL2KrMCk0mI1Gpwz,326933,4,Redbone,80,kiran
0.81,0.836,1,-7.721,0,0.0645,0.0515,0.229,0.0598,0.0585,139.979,1GfBLbAhZUWdseuDqhocmn,146571,4,Rumble,79,kiran
0.453,0.535,5,-7.125,1,0.0394,0.0651,0.00218,0.274,0.0732,83.072,5i9Ve5FXWxkHERsCApr5n7,257762,4,FALLING,41,kiran
0.778,0.535,9,-6.048,0,0.176,0.169,0.00246,0.62,0.431,82.522,49dtwV51zIgpJYPdqyg8LF,174545,4,Four 15's VIP,34,kiran
0.678,0.841,11,-6.573,1,0.0834,0.0875,0,0.0569,0.757,112.981,5IvXCYI3LU2BvWtb7KqDrf,350520,4,Mourya Re,41,kiran
0.738,0.823,1,-6.966,0,0.0658,0.00992,0.00627,0.0871,0.923,137,4bPF3oy4JsKK1UeMMn7Byf,368480,4,Aaj Ki Raat,47,kiran
0.651,0.687,9,-8.674,1,0.0445,0.0167,1.86e-5,0.0809,0.186,120.015,3FrzIfTz8mMS8Xowzu3ZUj,330133,4,Main Hoon Don,42,kiran
0.674,0.661,7,-7.973,1,0.0618,0.128,2.03e-5,0.283,0.458,95.967,0Kd2IhGYGYrOATgOOnDBzI,319560,4,Kuch To Hua Hai,50,kiran
0.833,0.917,7,-5.498,1,0.0597,0.175,1.92e-6,0.109,0.874,110.001,1vBmaijoCBoqmwc3zs5n3s,206947,4,Dus Bahane,55,kiran
0.902,0.772,6,-8.29,0,0.0383,0.0452,1.29e-4,0.12,0.808,131.992,3hCUkos0NxuSFl73oOHJzb,333093,4,It's the Time to Disco,57,kiran
0.563,0.71,7,-6.212,1,0.0592,0.0663,0,0.105,0.262,133.873,2sVzO3L0fdOMVe8wVlM0IE,329429,4,Jag Soona Soona Lage,54,kiran
0.533,0.436,5,-7.521,0,0.0276,0.234,3.17e-6,0.46,0.371,146.868,0iXLwnLmLwn9y54JtBTNxY,308158,3,Main Agar Kahoon,64,kiran
0.725,0.918,9,-4.875,1,0.0447,0.0289,5.13e-6,0.602,0.927,107.975,7emLx4rVwr0tPyjktu7A7U,352388,4,Deewangi Deewangi,57,kiran
0.837,0.839,11,-5.548,1,0.0468,0.0381,1.93e-4,0.301,0.679,107.025,2GTasAZimpxzNgE7aXFifI,268713,4,Dard - E - Disco,54,kiran
0.8,0.881,0,-6.077,1,0.0502,0.127,1.1e-4,0.0976,0.81,107.998,4eKWtXoGajnaGKvKAcgc8f,373357,4,Dhoom Taana,51,kiran
0.831,0.932,7,-6.251,1,0.221,0.164,0,0.383,0.571,99.97,5IUP91X8fKfJnWQgCHT9dN,302707,4,Dhoom Again,48,kiran
0.788,0.86,6,-5.988,0,0.048,0.264,3.21e-4,0.0687,0.853,104.982,6Niy4LfcTcvJJkzfLz5W1B,318067,4,Touch Me,50,kiran
0.854,0.847,8,-4.616,1,0.0451,0.125,1.24e-4,0.0512,0.845,120.006,5yjKSIOtsenie9jgdSS5wr,291082,4,Jee Karda,36,kiran
0.484,0.898,0,-4.132,1,0.164,0.365,0,0.091,0.68,91.975,72HdutlIHBZJ7WT1xVAAZT,482586,4,Kajra Re,53,kiran
0.742,0.879,0,-4.274,0,0.0328,0.0696,7.17e-6,0.0981,0.936,133.946,0EH7sgeiFqDa3eS7ieW2zs,227091,4,Chammak Challo,68,kiran
0.757,0.942,9,-4.13,0,0.0461,0.158,0.00784,0.507,0.728,120.004,2W6bC4K4e6y42HnYTA5yHO,228469,4,Nagada Nagada,61,kiran
0.665,0.908,2,-4.804,1,0.188,0.0504,0,0.0798,0.691,98.808,7CdABTaND3EW5cETakiBD3,408920,4,"Say ""Shava Shava""",51,kiran
0.791,0.558,7,-7.155,0,0.0661,0.276,0,0.0859,0.872,95.077,3APdIdF8H0jsxSuGOqXedS,218836,4,Kabhi Kabhi Aditi,69,kiran
0.83,0.858,6,-3.18,0,0.0554,0.134,1.72e-5,0.0567,0.949,119.974,7hNYvX0qAKrxtVr1jGDmvR,296500,4,Gallan Goodiyaan,59,kiran
0.616,0.862,1,-6.36,1,0.0668,0.113,0.0325,0.219,0.687,181.984,4L42hh6L8tpg1KPVwGkUja,236083,4,Hello Hello Hello - Polo & Pan Remix,42,kiran
0.548,0.241,2,-13.61,1,0.159,0.435,0.0238,0.0911,0.254,177.237,4dCAjiVcNEyL3UP0XEJb4M,301227,3,Last Night,10,kiran
0.84,0.934,0,-3.717,1,0.119,0.0484,0,0.0961,0.67,149.994,3QQXpvZd9qmzHZ02wDf2im,145843,4,I Dream of Chrome,69,kiran
0.663,0.694,10,-8.627,0,0.171,0.0253,0,0.0698,0.525,167.953,7yMiX7n9SBvadzox8T5jzT,340920,4,Clint Eastwood,67,kiran
0.701,0.38,6,-10.183,0,0.0535,0.0218,1.13e-4,0.114,0.0645,83.995,6aLniISwnQYJZ8IIwGoyBH,202548,4,Kid is afraid to be alone,43,kiran
0.553,0.826,11,-6.284,0,0.156,0.0897,0.497,0.355,0.577,176.097,1ZD51kpXHiTNqymmz3Yy6b,204545,4,When I Go,40,kiran
0.674,0.726,11,-1.539,1,0.041,0.0801,2.55e-4,0.111,0.272,150.304,2BiCQ6UGeueijAMe8CrEvP,186196,4,Falling (VIP),0,kiran
0.57,0.834,4,-5.67,1,0.0808,0.0674,0.0623,0.109,0.303,133.287,5UkPZxMojzXzYuGmXraDT5,155878,4,Искренности,48,kiran
0.356,0.67,2,-5.825,1,0.0324,0.467,1.06e-4,0.288,0.117,135.032,2LZ2CNbcbJrwh53pitRgom,298680,4,Silver Soul,66,kiran
0.716,0.936,1,-4.968,0,0.123,0.0318,0,0.367,0.799,81.508,5oMkgWZqmKjaJHrsXcsZZy,164523,4,Donald Trump,65,kiran
0.539,0.648,4,-6.008,1,0.0619,0.118,0,0.362,0.403,91.066,2xB46Bj9HZ4cr058yN4Pla,133331,4,Secrets,77,kiran
0.627,0.123,7,-14.411,1,0.0316,0.859,0.00105,0.149,0.11,131.883,4NgherJDfCXWBZBYheM4jK,120429,4,WASTE,79,kiran
0.508,0.792,0,-7.311,0,0.0297,0.229,0.124,0.145,0.601,147.067,7H0ya83CMmgFcOhw0UB6ow,320467,4,Space Song,78,kiran
0.701,0.798,10,-7.95,1,0.0346,0.48,0.00958,0.125,0.816,114.426,5IrQf3fhtMywpSHjZ17uae,291707,4,"Cheri, Cheri Lady - Special Dance Version",29,kiran
0.507,0.538,1,-7.454,1,0.0643,0.4,1.9e-5,0.161,0.239,111.458,2Eg5fW5yInLRGszS4s9eN6,293571,4,Breaking Point,61,kiran
0.574,0.573,11,-7.079,1,0.085,0.392,2.16e-5,0.0933,0.626,136.304,7oAuqs6akGnPU3Tb00ZmyM,322000,4,All Night,60,kiran
0.445,0.448,7,-8.325,0,0.0514,0.245,0.903,0.701,0.0745,104.961,1Wl1KASQ6HweiMALASXbbm,197143,3,Hieroglyph - Of The Trees Remix,44,kiran
